7.034163269572448751e-01,2.245023165574849822e-01,-5.111050840074612411e-01,-3.759917004805316543e-01,2.918357559662326448e-02,3.496841324458821454e-02,-8.839638786710478369e-02,-1.322711416658720052e-01,-1.575498898342754528e-01,0.000000000000000000e+00,1.000000000000000000e+00
-7.264794422604463342e-02,-4.454546521016833176e-03,4.725426809589354238e-01,5.289407664428512623e-01,1.903215357594316148e-01,2.934985832714790410e-01,3.182626187624393310e-01,3.508004027690105886e-01,3.806728136357949155e-01,0.000000000000000000e+00,1.000000000000000000e+00
-2.030948804745664749e-01,-2.448858209613895276e-01,5.400265602173554697e-02,-2.576938741092828569e-03,-4.062369202413446123e-01,-6.188273106819039970e-01,-5.548645209718174875e-01,-1.786476591014078963e-01,-8.997320822190828238e-02,0.000000000000000000e+00,1.000000000000000000e+00
-5.230858449798084786e-01,-2.439778254512096345e-01,3.822986973611457451e-01,1.613910031490527752e-01,-4.971548114837606724e-01,-4.552508420112870158e-01,-1.942308300914810104e-01,-3.728045301099172648e-02,-3.354081543735187854e-02,1.000000000000000000e+00,0.000000000000000000e+00
2.391132310090747504e-02,8.481761360182077381e-02,4.887953417127822164e-01,6.163963332240094406e-01,1.766697473419361064e-01,-6.632887271393661521e-02,2.646524264705817919e-01,3.340506677695788129e-01,3.951283600336769619e-01,1.000000000000000000e+00,0.000000000000000000e+00
4.722007607563005749e-02,-7.294672417204287052e-02,-4.446251976130056738e-01,-4.648062261456622490e-01,-1.131868797127907056e-01,-5.138781704965855734e-01,-3.454055140681107638e-01,-3.063868424464433748e-01,-2.977460921772261959e-01,0.000000000000000000e+00,1.000000000000000000e+00
-5.542240586765287969e-01,-3.105182706794808456e-01,-5.540757731754586413e-02,-1.309037219816618081e-01,4.089158389289976880e-01,-4.378788671530742249e-01,-3.213470948500302682e-01,-2.553652077525024877e-01,-2.208685174038833021e-01,0.000000000000000000e+00,1.000000000000000000e+00
-7.128806338750114102e-02,-1.730760835647016660e-01,-5.051689705676002395e-01,-3.941333544584575410e-01,-1.509949329356455594e-01,-1.739361680346839523e-01,-4.824254638952194529e-01,-3.981975128682703757e-01,-3.317786063077831082e-01,0.000000000000000000e+00,1.000000000000000000e+00
-3.273985288188163700e-01,-1.560075655697580332e-01,-1.369692445357521826e-02,-7.142678998891635600e-02,-8.250464207446869258e-01,-2.700638373852299878e-01,-2.512390728696813902e-01,-1.668074920159853258e-01,-1.363838955622310722e-01,0.000000000000000000e+00,1.000000000000000000e+00
-2.730892069333537564e-01,-1.916789190143798061e-01,-2.755777904586708682e-01,-2.848763730242495629e-01,-7.025257831846375423e-01,-3.952931807544074472e-01,-3.149647901302846369e-03,-1.652129726785633856e-01,-2.334082028274525322e-01,0.000000000000000000e+00,1.000000000000000000e+00
-2.927010924072120934e-01,-5.431444917945961459e-02,2.469463575048902737e-01,-4.949384486009045930e-02,-4.916413002119009446e-01,3.715332215032064039e-02,7.092495826228035760e-01,3.174010947787512249e-01,3.277047622119504816e-02,0.000000000000000000e+00,1.000000000000000000e+00
-4.646561513296759149e-01,-2.850223287183298315e-01,-3.697793318009762187e-02,-4.846791575653886658e-02,-4.682570029548104862e-01,-6.829523737254037385e-01,4.081760537484346862e-02,-6.856521569045434528e-02,-8.417003896172950417e-02,1.000000000000000000e+00,0.000000000000000000e+00
4.557522680061733278e-02,-7.558450675370925395e-03,-5.308018263650350621e-02,-1.359711941727925200e-01,8.506399065901034673e-01,4.549609647319286521e-01,1.870787961076891548e-01,1.000128689771212082e-01,3.132598066136259990e-02,0.000000000000000000e+00,1.000000000000000000e+00
-2.348953764951418610e-01,-1.133709878524998965e-01,5.558886318192159948e-01,6.757395281112886787e-01,-1.363561559126285905e-01,3.511757824112262671e-01,-5.759572862983611263e-02,6.523698810530839665e-02,1.297865031341366715e-01,0.000000000000000000e+00,1.000000000000000000e+00
-7.031949036802663811e-01,-3.485260765710985198e-01,2.305655149835465212e-01,-6.474858750289334830e-02,-2.230473265463087107e-01,-4.659896028315994587e-01,-2.200926792056280834e-01,-7.168971810306005998e-02,-7.884822227922841376e-02,0.000000000000000000e+00,1.000000000000000000e+00
4.052802780078504918e-01,4.090208787488193443e-02,-5.074800026587121815e-01,-4.301858004710428784e-01,4.881769804763860243e-01,-1.606630114482257843e-01,-1.645554180758636298e-02,-2.026338943528951386e-01,-2.932890927540612314e-01,0.000000000000000000e+00,1.000000000000000000e+00
4.133168304897524847e-01,9.075647792866631258e-02,-3.241223704971423203e-01,-2.624533665539466876e-01,-6.686273531923478952e-01,-2.326122954832388345e-01,-2.481411637670801473e-01,-2.246390538419505700e-01,-1.838140896722218476e-01,0.000000000000000000e+00,1.000000000000000000e+00
-1.795524474446262564e-01,-2.027566537237815436e-01,-4.415851338055731268e-01,-3.628231527397456357e-01,-1.724300955899270571e-01,-4.001700068461018778e-01,-4.199362517067258826e-01,-3.715363371478210830e-01,-3.094490424322068334e-01,0.000000000000000000e+00,1.000000000000000000e+00
5.635775779306869682e-01,1.074149017319267485e-01,-3.529867140528084035e-01,-3.267512268674229170e-01,-9.856061537733301625e-02,-4.002417232048949836e-01,-3.592963276431888620e-01,-2.879121310325356009e-01,-2.399614340500903498e-01,0.000000000000000000e+00,1.000000000000000000e+00
2.183209164570794614e-01,-6.180562125210259383e-02,-5.096883709358424053e-01,-4.161294973919245632e-01,-3.022687960816856090e-01,-3.276236680790279854e-01,-3.841218240512410120e-01,-2.821770525650941219e-01,-2.994877140636803547e-01,0.000000000000000000e+00,1.000000000000000000e+00
-1.459763892803709606e-01,-2.233325916599818994e-01,-3.949239888399398990e-01,-3.274270389198256637e-01,-2.196526997386025470e-01,-4.258436656221156746e-01,-4.423790882792173473e-01,-3.510543367264114534e-01,-3.422155510258675370e-01,0.000000000000000000e+00,1.000000000000000000e+00
-5.131226617422707248e-01,-2.849063870282795286e-01,-3.215777732566306724e-01,-2.888215286821759764e-01,1.180917560621309315e-01,2.169462628149580741e-01,-4.846799372406866424e-01,-3.326294044750183754e-01,-2.492690090439675099e-01,0.000000000000000000e+00,1.000000000000000000e+00
-4.931011018621521691e-01,-2.347997733039144941e-01,-3.093835123605459536e-01,-2.626374792277949011e-01,-2.879126986433994118e-01,3.909865007116943292e-01,-2.956503185230796582e-01,-3.367214222150910485e-01,-3.169687268214806397e-01,0.000000000000000000e+00,1.000000000000000000e+00
-7.245428811845826267e-02,-1.414631261165763543e-01,-4.403529383637947436e-01,-3.537092817119493748e-01,-5.225452098050858973e-01,2.917455225627684223e-01,-3.554752363528191905e-01,-3.055633958175701381e-01,-2.789570128862875475e-01,0.000000000000000000e+00,1.000000000000000000e+00
-9.903960994918915850e-02,-8.040887720880571243e-02,-2.385815769794873697e-01,-2.815477478485429730e-01,1.405087143768540270e-01,8.399638926070680522e-01,-1.900874669018656204e-01,-2.092606475138705791e-01,-2.057424641730026815e-01,0.000000000000000000e+00,1.000000000000000000e+00
2.951691821271480998e-01,5.398706602226941570e-02,-5.860754301950138641e-03,-1.839224038246377868e-01,-3.867205381024597655e-01,-6.791053752655573650e-01,-4.425690227277541688e-01,-2.101990299267973983e-01,-1.590939791126028124e-01,0.000000000000000000e+00,1.000000000000000000e+00
5.808837783363580698e-01,1.141820000299220011e-02,-3.876668609885892264e-02,1.474499669912682775e-01,-5.567285852551608766e-02,-6.956992703212346862e-01,-3.228727445986255273e-01,-2.158604266511563174e-01,-3.549418483337851010e-02,0.000000000000000000e+00,1.000000000000000000e+00
-5.928896329333798176e-01,-3.824658447217847979e-01,-3.116921119162956999e-01,-8.791924092959006731e-02,1.452277951799177125e-01,-2.851446591822824894e-01,-4.086342433266992313e-01,-2.859603283864635692e-01,-2.148631002331932993e-01,0.000000000000000000e+00,1.000000000000000000e+00
-5.646525395803706493e-01,-2.786986768906480894e-01,1.187093244629911504e-01,1.303873905728058780e-01,-6.608936981585321613e-01,-3.466463614325856479e-01,-1.065915347789691825e-01,-3.601197732552967323e-02,5.290542271310855194e-02,0.000000000000000000e+00,1.000000000000000000e+00
-1.528119332868465574e-01,-9.448213290850093760e-02,5.840566249828167411e-01,5.814575124086653890e-01,2.045853356850744209e-01,-2.982961198691882476e-01,1.537762640371266309e-01,2.563030256611789071e-01,2.614049437801937437e-01,0.000000000000000000e+00,1.000000000000000000e+00
-5.228576373773337060e-01,-2.317479149386293680e-01,5.477962817695256753e-02,6.897619709253265119e-02,-6.949784707959443253e-01,2.899583253265503591e-01,-2.138660960913500997e-01,-1.798572304977966163e-01,-1.414073400269528213e-01,0.000000000000000000e+00,1.000000000000000000e+00
2.334202076031955952e-01,1.296067104229511047e-01,-1.961659994676401841e-01,-2.364040116899493171e-01,8.496812670449402916e-01,1.977984793278274311e-01,2.203253638024109395e-01,-7.727008416069770791e-02,-1.369405906706271936e-01,0.000000000000000000e+00,1.000000000000000000e+00
-3.349918613829120928e-01,-2.135419717106733783e-01,-3.627550754678669498e-01,-4.031085509958469149e-01,-2.253190272321208831e-01,5.684608952966214990e-02,-4.891901450626340853e-01,-3.873777498101345085e-01,-3.236106757501252540e-01,0.000000000000000000e+00,1.000000000000000000e+00
7.222004294795661972e-01,2.295044313441812756e-01,-3.503124900684130849e-01,-2.642362170284494605e-01,-1.999695014974336993e-01,-2.347913147183574578e-01,-2.241486424845768877e-01,-2.234594716375120360e-01,-1.947386047422919042e-01,0.000000000000000000e+00,1.000000000000000000e+00
4.960315137451372647e-01,1.615958184804064390e-01,-2.557386790601328674e-01,-3.950477239325446699e-01,-3.800415827467802654e-02,-4.405801299147487637e-01,-3.292928272692447478e-01,-3.306285476651499855e-01,-3.050743894948360624e-01,0.000000000000000000e+00,1.000000000000000000e+00
-3.341814346642067446e-01,-1.592327333935317502e-01,5.669893997799005936e-01,6.748406992860391806e-01,-3.254834751757585548e-02,-2.507255304186617462e-01,-4.312512108810510197e-02,6.605566277951352427e-02,1.262336852120140018e-01,0.000000000000000000e+00,1.000000000000000000e+00
1.115795306233587497e-01,5.166790088005814019e-02,-7.175006812065658213e-02,-1.411324443040611609e-01,3.647955520610036140e-01,8.875506400217811898e-01,-1.551331682174474369e-01,-1.194692887890777822e-01,-2.555098828704576927e-02,0.000000000000000000e+00,1.000000000000000000e+00
8.447043872907098461e-01,5.222845756112235449e-01,-7.148289259027909570e-02,-5.165234787115748072e-02,-4.198063626242424379e-02,6.592680636384356738e-03,-4.073402946388442192e-02,-3.628044257746854823e-02,-3.367762265661615462e-02,0.000000000000000000e+00,1.000000000000000000e+00
1.877198816347434851e-01,-1.059874189974400888e-01,-4.168430225837356229e-01,-5.483843800420947767e-01,1.358614892848724991e-02,-2.797476495191432155e-01,5.533612116302568662e-01,2.314345643342471115e-01,-2.020654852831633153e-01,0.000000000000000000e+00,1.000000000000000000e+00
-4.381178771347012946e-01,-2.925366435315772118e-01,-3.185333334500006774e-01,-3.100372535432499577e-01,-1.415871432384435136e-01,-6.042560493722068937e-01,-3.314564587648139993e-01,-1.362395365251874435e-01,-1.062617857934435167e-01,0.000000000000000000e+00,1.000000000000000000e+00
-4.500606363405961763e-01,-2.080734627038696993e-01,1.938786345916393150e-01,3.088870670268739280e-02,-6.855511932761115812e-01,-4.285420442755056292e-01,-2.359745508272950709e-01,-7.818741693380197588e-02,1.348471220243111293e-02,0.000000000000000000e+00,1.000000000000000000e+00
-1.401641132239249965e-01,-1.092013128912072001e-01,1.703718517999313897e-01,9.002792472790151213e-02,-8.730551906421739616e-01,-4.000441221289607885e-01,-8.648009810797241403e-02,-3.947134145130550692e-02,1.994706324220309895e-04,0.000000000000000000e+00,1.000000000000000000e+00
-1.204440449151624459e-01,-2.016933246257202050e-01,-5.474405296081830130e-01,-4.949169638309660613e-01,-1.620061693934110592e-01,-3.764789965359501833e-01,-2.259119866530967247e-01,-2.808581435589179720e-01,-3.198111067949254149e-01,0.000000000000000000e+00,1.000000000000000000e+00
-1.343208460918281222e-01,-3.860978784348110399e-02,5.040423538542658788e-01,5.399215552283621600e-01,3.034639368182476815e-01,-1.081376161522560608e-01,3.146990072596029253e-01,3.432628947624802862e-01,3.380003391144379976e-01,0.000000000000000000e+00,1.000000000000000000e+00
-4.275923261423077437e-01,-3.212791294993183611e-01,-5.129001379984972353e-02,-1.495231363617323672e-01,5.643272904407767854e-01,-5.411748095761140798e-01,-3.347811805722406692e-02,-6.993443398561352553e-02,-2.675997291624544472e-01,0.000000000000000000e+00,1.000000000000000000e+00
8.057724894309942210e-01,3.301867613783153743e-01,-2.754770684380185575e-01,-2.041330343448713724e-01,-2.698144770241997503e-01,-9.130362811568559778e-02,-5.176432970888917434e-02,-1.331809208847375969e-01,-1.503215849563244721e-01,0.000000000000000000e+00,1.000000000000000000e+00
-3.519122058775333572e-01,-1.948526482090502110e-01,3.559130306355371975e-01,3.696828966962686369e-01,9.959300183108497906e-02,7.344924886147768950e-01,-7.407669641443044573e-02,3.863524919525931217e-02,1.359142894514836775e-01,0.000000000000000000e+00,1.000000000000000000e+00
7.888480492697643731e-01,4.990683840080858968e-01,-2.159746420745110029e-01,-1.617678906087291202e-01,-1.745403768633474184e-01,8.813828459947602167e-02,1.245574133055196014e-02,-8.152307104285680395e-02,-1.039314669556075793e-01,0.000000000000000000e+00,1.000000000000000000e+00
-3.609813859473229303e-01,-2.375671332021425108e-01,-2.892388637976024968e-01,-1.900891919970079114e-01,-6.209524245811931520e-01,-3.750837019727541466e-01,-2.472787385976926156e-01,-2.298410460179138581e-01,-2.306900450837418570e-01,0.000000000000000000e+00,1.000000000000000000e+00
-2.744781307292444850e-01,-2.120491128190116203e-01,-2.563700862232096145e-01,-2.532138795358060412e-01,6.286120382360169123e-02,7.926300772224683655e-01,-2.369686783692855070e-01,-1.915528547076422172e-01,-1.574592603367573895e-01,0.000000000000000000e+00,1.000000000000000000e+00
-5.023776876204788522e-02,1.041703946411921405e-01,3.495715546919672123e-01,1.795029852704739248e-01,5.236558567368023720e-01,5.505795866250223075e-02,4.940513938969650076e-01,4.149851403997535382e-01,3.723665133015653939e-01,0.000000000000000000e+00,1.000000000000000000e+00
-1.022701571349194649e-01,-1.431169932105618714e-01,-1.335771520683194380e-01,-1.611074549013260804e-01,-7.671462203173660122e-01,-5.400514225499761789e-01,-1.956285537420404674e-01,-7.396431703360167864e-02,-3.673908076664387373e-02,0.000000000000000000e+00,1.000000000000000000e+00
-4.694852775933807676e-01,-2.440342435199551463e-01,-2.094208574153763047e-01,-1.738258982529584940e-01,-7.069512136675317748e-01,-1.715313464761338280e-01,-1.752699583542233486e-01,-1.969224195300216251e-01,-2.173874530503305813e-01,1.000000000000000000e+00,0.000000000000000000e+00
-2.999153248775577318e-01,-1.374465910249945133e-01,3.928979533390783430e-01,3.145966255712990267e-01,1.435338218650619446e-01,6.910491280279221771e-01,1.472855509078697112e-01,2.095964135930169225e-01,2.721118308631209071e-01,0.000000000000000000e+00,1.000000000000000000e+00
1.374853693729008453e-01,1.580190080420329490e-01,5.240387826562635798e-01,5.682104527639506575e-01,-7.921884884052544928e-02,-1.305478216438767936e-01,2.615016802693372888e-01,3.223546375711402456e-01,4.037746909513387217e-01,0.000000000000000000e+00,1.000000000000000000e+00
-1.233440059732754251e-01,-8.900247472905785384e-02,-1.681186419524705045e-01,-2.275726677782581586e-01,-8.690559948860256956e-01,-1.270804523125849961e-01,-2.688655682691782345e-01,-1.726420967862716815e-01,-1.526756948572106365e-01,0.000000000000000000e+00,1.000000000000000000e+00
-4.035488381575118022e-01,-2.313732235979012175e-01,-2.278687269107788904e-01,-2.797706775884503672e-01,-6.082550274790947675e-01,-3.108522056398854705e-01,-2.781089368881939916e-01,-2.371005406495315937e-01,-2.307692755182984279e-01,0.000000000000000000e+00,1.000000000000000000e+00
4.179837410068626413e-01,4.064341298595402358e-02,-3.963973207463143966e-01,-3.640587973084244977e-01,-2.212912654646785326e-01,-2.257169739764891270e-01,-4.555460763058329365e-01,-3.600973965287651568e-01,-3.112197331560961899e-01,0.000000000000000000e+00,1.000000000000000000e+00
-1.106889936488659049e-01,-1.618409729381692710e-02,4.503556782313605789e-01,4.054785971308846326e-01,3.726052765758636753e-01,-1.680012124381697614e-01,4.132936089675179892e-01,3.902328264948554670e-01,3.606945056871478372e-01,0.000000000000000000e+00,1.000000000000000000e+00
-2.823377433060896835e-01,-1.473484761770479379e-01,3.839463251903077468e-01,3.252705307700765602e-01,6.977825464974503067e-01,-3.311179663197391099e-01,1.133615623059456151e-01,1.256021267711263656e-01,1.420978486271921581e-01,1.000000000000000000e+00,0.000000000000000000e+00
-4.116199157061791181e-01,-2.879981323154603423e-01,-4.351359665596000181e-01,-4.392255869527214585e-01,2.037635880904071772e-01,-3.715254716976654215e-01,-2.835303962004511735e-01,-2.089590335434406976e-01,-2.485146996225398031e-01,0.000000000000000000e+00,1.000000000000000000e+00
4.867720577930250148e-01,2.380748462960305956e-01,-2.435464156994524842e-01,-2.073609901027990698e-01,1.028941134962219478e-01,7.431671490725986207e-01,-9.249823623369421433e-02,-1.363217707441916060e-01,-1.184725097166344915e-01,0.000000000000000000e+00,1.000000000000000000e+00
-3.570444601381600469e-02,2.462180439974425913e-02,5.259142751911383140e-01,4.285406594582049089e-01,2.775777652186683930e-01,-1.881550439090535487e-01,4.327253785666231312e-01,3.763097348929506647e-01,3.107636264127698333e-01,0.000000000000000000e+00,1.000000000000000000e+00
-3.380969102918065378e-02,1.137048477909018696e-01,4.689541593087315219e-01,2.810902723157288619e-01,-2.521303034347490701e-01,-3.056473148562749431e-01,5.552910543764745244e-01,3.358528057380625875e-01,3.299441384177846937e-01,0.000000000000000000e+00,1.000000000000000000e+00
-2.267761657808683162e-01,-2.300039194909283269e-01,-5.578469596211411696e-01,-4.055040507707554087e-01,2.306102617434491187e-01,1.970502991122919378e-01,-3.243972506650475429e-01,-3.512340519158093088e-01,-3.153334004456730399e-01,0.000000000000000000e+00,1.000000000000000000e+00
7.498641897654800825e-01,2.636413030140890013e-01,-3.613870564757951653e-01,-3.166362130204221081e-01,2.816108107960360596e-01,-8.498974335682328574e-02,2.864861129690298228e-02,-1.365829441933341104e-01,-1.770150147908916005e-01,1.000000000000000000e+00,0.000000000000000000e+00
7.838029242650472461e-02,-1.038875747222766516e-01,-4.582063989935122317e-01,-3.912943983536995018e-01,-2.417547193498224833e-02,-4.130556087434264501e-01,-4.419042994545172576e-01,-3.795976371194419996e-01,-3.307965023623142820e-01,0.000000000000000000e+00,1.000000000000000000e+00
6.531772076497870394e-01,1.588946128887006037e-01,-1.854107499916759216e-01,-2.185770343508956215e-01,-5.287853665919227397e-02,-3.874986311300102626e-01,-3.596170034112379232e-01,-3.257982978685199371e-01,-2.784577570122912515e-01,0.000000000000000000e+00,1.000000000000000000e+00
7.389305035550048917e-01,3.037136385195627342e-01,8.179596953898850276e-02,2.079120614118647875e-02,4.704184393405509979e-01,3.640788995805696593e-01,-1.817314563917822937e-02,9.330790083844122881e-03,1.877769288590180885e-02,0.000000000000000000e+00,1.000000000000000000e+00
8.651092957705489583e-01,4.010077949019044685e-01,-1.977397410124687449e-01,-1.517229702532723878e-01,-1.358190047413554945e-02,-5.171620173654993199e-03,-7.762957602500240861e-02,-1.018083132279937741e-01,-1.097965961643741772e-01,0.000000000000000000e+00,1.000000000000000000e+00
-1.169048333805379619e-01,-9.057930642707713587e-02,2.206204720031481117e-02,-9.028776292052691568e-03,1.007861415366761298e-01,9.772877432856321711e-01,-1.034347160624076584e-01,-3.876852790453926001e-02,1.046315948874441265e-02,0.000000000000000000e+00,1.000000000000000000e+00
1.142528469997495383e-01,-4.300532359441251729e-02,-3.216874283086946784e-01,-2.997753496045583166e-01,-5.486744431035718295e-01,5.893227806045273631e-01,-2.257507998880544375e-01,-2.188415964095408728e-01,-2.110656653957614370e-01,0.000000000000000000e+00,1.000000000000000000e+00
-6.929984095628759222e-02,-4.766255969433990519e-02,-1.212285564911956409e-01,-1.129152712968032879e-01,-2.216577443415480020e-01,9.492749682448705650e-01,-6.744627742847622565e-02,-7.381609439080273616e-02,-7.229560120016401137e-02,0.000000000000000000e+00,1.000000000000000000e+00
1.293595975738565107e-01,-6.548164326327422791e-02,-4.909976146844225453e-01,-5.022288820510323326e-01,5.668390269343570598e-01,1.496274051882132833e-02,-2.276948290641686856e-01,-2.492090614209245270e-01,-2.240207217702583908e-01,0.000000000000000000e+00,1.000000000000000000e+00
3.683487089185834285e-02,-1.161050900229167321e-01,-5.272746570830296742e-01,-4.249529830029667443e-01,-3.484671032923959411e-01,-4.516509095956015019e-01,-2.673245891263162921e-01,-2.877171548841045978e-01,-2.165588493004131088e-01,0.000000000000000000e+00,1.000000000000000000e+00
-2.042082153848832626e-01,-1.260562925652211341e-01,5.691232906666424674e-01,5.417010631372287666e-01,1.404513715560320661e-02,-4.412231966733766719e-01,1.135956374152891218e-01,2.017652064690149127e-01,2.767293109685675656e-01,0.000000000000000000e+00,1.000000000000000000e+00
3.507893894025563286e-01,5.596911625720098205e-02,-4.762991209222935396e-01,-4.373293652755854688e-01,-3.911634443305307407e-01,1.870642969042438652e-01,-3.527110116271151008e-01,-2.624812526373905275e-01,-2.727509466864482257e-01,0.000000000000000000e+00,1.000000000000000000e+00
-5.634635542873170366e-02,-9.667681430691774103e-02,-3.674373162122294145e-01,-3.625579761074629315e-01,-6.791129994709442785e-01,-3.578588137470872094e-02,-3.338845353892216927e-01,-2.875742753177124578e-01,-2.537070599494779533e-01,0.000000000000000000e+00,1.000000000000000000e+00
-1.172333168535519415e-01,-2.032898390554656320e-01,-4.855432690165654153e-01,-4.429077214586799593e-01,-1.429171866940578128e-01,-4.606798422951369765e-01,-2.027573082179504327e-01,-3.520287721450162111e-01,-3.395939533295196378e-01,0.000000000000000000e+00,1.000000000000000000e+00
-1.368125089334492894e-01,-4.313096144495667111e-02,3.762880353427392466e-01,3.365194497641755822e-01,-1.922887767773411860e-01,7.777700710815739216e-01,3.261346659095489681e-02,1.602798704574702748e-01,2.364941854058593695e-01,0.000000000000000000e+00,1.000000000000000000e+00
-4.482183027695055277e-01,-2.562250245106892921e-01,-3.834232595487904183e-01,-3.359565174932251375e-01,-2.135634304567540498e-01,-1.204462958306282555e-01,-4.529613662792865147e-01,-3.559191201530788606e-01,-2.856568637855740334e-01,0.000000000000000000e+00,1.000000000000000000e+00
-6.696958705706607118e-02,-1.573384217958383458e-01,-3.342306970954549428e-01,-3.616759260598546022e-01,-3.286670555811646022e-01,-5.605658170504767002e-01,-3.881853087554426041e-01,-3.016212139701449635e-01,-2.536154603800613305e-01,0.000000000000000000e+00,1.000000000000000000e+00
-1.457552304689868627e-01,-4.327226152328209757e-02,5.163446155928891335e-01,5.904736218932170599e-01,1.293625514729720705e-01,3.334777124584300534e-01,2.040323912974582043e-01,2.648399472435292723e-01,3.491426573558606417e-01,0.000000000000000000e+00,1.000000000000000000e+00
-3.129601635656059644e-01,-1.801697431659192161e-01,4.402739417832027269e-02,-3.910586540986987769e-02,-8.426085891057043531e-01,-3.754537800099761458e-01,-8.214555304621033727e-02,-3.915866885937691055e-02,-8.301235408260884685e-02,0.000000000000000000e+00,1.000000000000000000e+00
-7.049896107181442828e-02,9.558729061535607696e-02,3.634222859630353852e-01,7.056425024032061954e-02,-1.803161828605830685e-01,-4.376451140140107943e-01,7.552170782300556828e-01,1.432799475034101100e-01,1.841432724412261079e-01,0.000000000000000000e+00,1.000000000000000000e+00
-3.583058703198540584e-01,-1.558551799829870077e-01,5.542561454510446239e-01,6.576233712430392675e-01,-5.530297748333422303e-02,-2.524647687930611228e-01,-4.389273203809519741e-02,7.332281858899081239e-02,1.831884454315688415e-01,0.000000000000000000e+00,1.000000000000000000e+00
-1.205845583946866251e-01,-1.811209845681785169e-01,-3.282346654694186516e-01,-3.449746218996580516e-01,-2.104933768380207182e-01,-5.786268529791642745e-01,-4.537757838040816227e-01,-2.820999060137796555e-01,-2.475878677034529241e-01,0.000000000000000000e+00,1.000000000000000000e+00
-2.391054593825634733e-01,-1.441390454034673640e-01,4.868318973018636586e-01,3.796463313793287386e-01,5.542795784537668524e-01,-2.711426314177912134e-01,2.862634399196559154e-01,2.455801713732378155e-01,1.338481469947264413e-01,0.000000000000000000e+00,1.000000000000000000e+00
-4.588243246426949584e-01,-2.809850643800029246e-01,-4.077196255154429405e-01,-3.561967173602915704e-01,-2.944286587385970821e-01,-1.287965440568075159e-01,-3.871510765318362246e-01,-2.920870221658468102e-01,-2.809602619549283475e-01,0.000000000000000000e+00,1.000000000000000000e+00
-4.011264829712493651e-01,-2.387383508045655411e-01,-5.041943802176571676e-01,-3.912339356747718822e-01,2.765918866252517483e-02,-3.743362784007191468e-01,-2.750761554614473137e-01,-2.812277488188791863e-01,-2.813840098407128232e-01,0.000000000000000000e+00,1.000000000000000000e+00
3.041221423124287337e-01,8.079605608522159865e-02,-3.714175617256817996e-01,-3.262620758617543193e-01,6.738562035966899622e-01,-3.044767606981275687e-01,2.957749059592340579e-01,-1.594261161123698397e-03,-1.493658427408650069e-01,0.000000000000000000e+00,1.000000000000000000e+00
4.891310710547657620e-02,7.025919828378831070e-03,-1.421803016676012332e-01,-1.826148828401643887e-01,5.007481182530076902e-01,7.996228757168178936e-01,2.129598001283941056e-01,9.218017250775298321e-02,4.783398266314972907e-04,0.000000000000000000e+00,1.000000000000000000e+00
-3.052650460787814657e-02,-4.778141716137854905e-02,1.796768146931810098e-02,-1.481548973808588521e-01,7.997020165428361249e-01,-5.576223256821964958e-01,1.106102518794773865e-01,-3.125033180924689791e-02,-1.040921374275225880e-01,0.000000000000000000e+00,1.000000000000000000e+00
-3.180802733607499544e-01,-1.889283814100807812e-01,-2.093815247710276162e-01,-1.994541749760761484e-01,-2.054689161161769306e-01,8.081988987156333293e-01,-1.352261262710608980e-01,-1.594320393505242739e-01,-2.009995019715893616e-01,0.000000000000000000e+00,1.000000000000000000e+00
-2.088446124926205960e-01,-1.237076696184970376e-01,-2.708295292988550235e-02,-2.397846878477178090e-01,7.341055939357851168e-01,-5.583161279668429344e-01,8.286022968131667721e-02,5.952076537432634575e-04,-1.592358744568778128e-01,0.000000000000000000e+00,1.000000000000000000e+00
6.050753861129238853e-01,9.308710891272080346e-02,-4.269075798216471207e-01,-3.502712924593696653e-01,2.387828340155975781e-01,3.116609314560890298e-01,-2.255380075370918558e-01,-2.373924051111565847e-01,-2.427059586812316538e-01,0.000000000000000000e+00,1.000000000000000000e+00
-5.234636700951751376e-01,-2.319618535940106141e-01,5.738293491939489011e-01,3.619118352143250728e-01,4.342971069792214145e-01,-1.518699535115660970e-01,7.200483850383607859e-03,-8.476041073875583299e-04,1.371717145185960551e-02,0.000000000000000000e+00,1.000000000000000000e+00
-1.522787477744522444e-01,-4.790705612399037000e-02,5.962397314983541863e-01,5.958397335788946370e-01,6.628133799282340255e-02,-2.702423417583022514e-01,1.684137161183536235e-01,2.366886731613341566e-01,3.196567605985889959e-01,0.000000000000000000e+00,1.000000000000000000e+00
-2.645854136916429566e-01,-2.805864937072141130e-01,-3.706338278171597000e-01,-3.414898074691293806e-01,-2.736094613935149411e-01,-6.577397143080606634e-01,-1.790602908314612163e-01,-2.046099144165608452e-01,-1.259745272295639817e-01,0.000000000000000000e+00,1.000000000000000000e+00
-1.731292583732481072e-01,-2.425656067717527897e-01,-2.092532550944820879e-01,-1.927405645845792492e-01,-6.733216385300241358e-01,-3.000739248903010192e-02,-5.018614434061385854e-01,-2.877903661889872899e-01,-2.032280997719805027e-01,0.000000000000000000e+00,1.000000000000000000e+00
6.218533587933084972e-01,6.889342591205056543e-01,9.218874270231118551e-02,7.678791597039860695e-02,-2.121764699025364964e-01,2.737510687241534457e-01,5.931237787871147804e-02,1.301911469156163091e-02,2.503759019062319971e-02,0.000000000000000000e+00,1.000000000000000000e+00
3.733073167698229833e-01,1.044892892689134184e-01,-1.810878329925598440e-01,-2.019775018376608333e-01,-7.047379062889136403e-01,-3.145056500664268895e-01,-4.008995939004284526e-01,-1.308373986702627556e-01,-5.222730514924279338e-02,0.000000000000000000e+00,1.000000000000000000e+00
-1.364388278120690912e-01,-2.448989771250615344e-01,-4.919842625482974130e-01,-3.877695838907164738e-01,5.016620464220337972e-02,-2.013353450747085993e-01,-4.276943247196697828e-01,-3.853259581048480986e-01,-3.931209404636272220e-01,0.000000000000000000e+00,1.000000000000000000e+00
5.448728572339905929e-01,1.681858170019744358e-01,2.985789392961006317e-01,3.455731281450217796e-01,-1.571215385839848100e-01,6.176804848399258807e-01,1.646122377452880203e-01,1.117383930873926262e-01,1.430311643579007252e-01,0.000000000000000000e+00,1.000000000000000000e+00
2.404202294789321293e-01,-4.085763782532610827e-02,-5.926300407125878467e-01,-4.285126738274626090e-01,-1.063375380577279150e-01,4.653112791752145871e-01,-2.386216989269757116e-01,-2.405533609954339791e-01,-2.511310349001452669e-01,0.000000000000000000e+00,1.000000000000000000e+00
-1.279168916315543136e-01,-1.865227736806077397e-01,-4.060352483236406296e-01,-4.373425930549627028e-01,4.120072123113636686e-01,-4.535114480166131945e-01,-1.952968136373994801e-01,-2.849227784365991334e-01,-3.129999130748694069e-01,0.000000000000000000e+00,1.000000000000000000e+00
-4.186358141526748122e-01,-1.741783336765436174e-01,3.669112170927718575e-01,2.457459288756364268e-01,5.085410949715382101e-01,-3.209655148582065132e-01,3.465447747453810345e-01,2.927473894320671843e-01,1.787843350891777094e-01,0.000000000000000000e+00,1.000000000000000000e+00
-1.307450747511030020e-01,-1.765471243603917439e-01,-5.768943786858764522e-01,-4.511354228199520588e-01,-6.411918744007946702e-02,-3.585778178883415324e-01,-3.516963883979178362e-01,-2.887325847638803622e-01,-2.750642972651911600e-01,0.000000000000000000e+00,1.000000000000000000e+00
-4.912090393037490399e-01,-3.101213069206432693e-01,-9.906401099485348527e-02,-2.189909019397094092e-01,3.487770560475994541e-02,-3.594813012931178942e-01,-4.268604861623648272e-01,-4.059116035627069463e-01,-3.568618730154565766e-01,1.000000000000000000e+00,0.000000000000000000e+00
-1.209985176332025181e-01,-1.254430625017596557e-01,4.883539162052297905e-02,-1.798422342461871715e-01,-7.896332869715467773e-01,-4.216955344358668811e-01,-3.457263917992166591e-01,-7.940740952213323767e-02,-8.783590255240381062e-02,0.000000000000000000e+00,1.000000000000000000e+00
-1.440576962529136196e-01,-8.080326156154604700e-02,3.087282918940262300e-01,1.904484830022725450e-01,-6.945311723745958288e-01,-1.774659659278184087e-01,3.156935667048836880e-01,3.751411172794473226e-01,2.947429825838145390e-01,0.000000000000000000e+00,1.000000000000000000e+00
-4.897926395748660733e-01,-3.169538203150120137e-01,2.254208489524062164e-01,1.101559397347366687e-01,5.702296974755310943e-01,5.139052459084743063e-01,-1.210678940595293074e-02,5.763690271439594198e-02,6.297189250152834816e-02,0.000000000000000000e+00,1.000000000000000000e+00
-5.066105292046045872e-01,-2.346042399938691181e-01,-4.778885997396239982e-01,-2.980759390390487762e-01,-1.284943404658727140e-01,2.355017071993155131e-01,-3.776108352473297458e-01,-3.034525091467980551e-01,-2.538397629442538661e-01,0.000000000000000000e+00,1.000000000000000000e+00
-1.443457537457595030e-01,-1.887161549627862367e-01,5.366296154003071667e-02,-8.199445171737849980e-02,6.369441501882191492e-01,-6.328853096495831165e-01,3.448679443949035361e-01,4.893765443801348369e-02,-7.985771068373861969e-02,1.000000000000000000e+00,0.000000000000000000e+00
-2.932210635276162325e-01,-2.499906648847959600e-01,-5.635294499069788410e-01,-4.853205531610345624e-01,-1.721423106909149292e-02,-3.219831145063398736e-01,-3.076414135511895132e-01,-2.177340711718561972e-01,-2.289187067101524364e-01,0.000000000000000000e+00,1.000000000000000000e+00
-1.626440338652140605e-01,-5.336879954857914193e-02,5.079887201886831294e-01,5.361418644307740511e-01,3.278658511403122477e-01,-1.179727560862784963e-01,3.021382531241683100e-01,3.317498860683398276e-01,3.200608573673413004e-01,0.000000000000000000e+00,1.000000000000000000e+00
2.292611671114584138e-01,-6.014674949941254366e-03,-4.512405435103161166e-01,-5.055539848774496248e-01,5.360666483064036036e-01,1.918554136893455692e-02,1.607014747318253056e-01,-1.975381247076460622e-01,-3.682641308747120479e-01,0.000000000000000000e+00,1.000000000000000000e+00
-6.097621412600010005e-02,-1.090384571790085494e-01,-3.878924956144119141e-01,-4.335746556985867195e-01,-7.291632677810524488e-01,1.610127845840477953e-02,5.070385543742053636e-02,-1.394802075126373164e-01,-3.032837194041779205e-01,0.000000000000000000e+00,1.000000000000000000e+00
-3.037877336354407043e-01,-2.565958132720055351e-01,-2.375743648533994723e-01,-1.751374285771540584e-01,-5.394119884068404591e-01,-4.883635130482450459e-01,-2.921479129613787085e-01,-2.745857758490840017e-01,-2.540569588096910913e-01,0.000000000000000000e+00,1.000000000000000000e+00
2.955822945494367415e-01,2.053638239513089769e-01,3.998580862718424389e-01,3.124897731332893502e-01,-8.459508227231680999e-02,-2.787336496299933630e-01,4.202848167583112526e-01,4.106255037101864125e-01,4.275734470422402622e-01,0.000000000000000000e+00,1.000000000000000000e+00
8.089474621418067668e-02,-1.243698028139409023e-01,-5.365093109359470036e-01,-4.428123037265803696e-01,1.093656387754214782e-01,-2.331523624355778535e-01,-3.310703521993089149e-01,-3.988410644497120683e-01,-3.988239903510795714e-01,0.000000000000000000e+00,1.000000000000000000e+00
1.185853726248528167e-01,-1.274032074867756381e-01,3.553775036444724034e-01,3.190634257444762700e-01,-8.482293237933051511e-02,7.352736783972796397e-01,-4.192349666176685141e-01,-1.261105202697763994e-01,4.612114285447425910e-02,1.000000000000000000e+00,0.000000000000000000e+00
-2.344860807059611640e-01,-1.157671556885201541e-01,1.906219835732834433e-01,-7.048248390614093861e-02,4.968815187248396548e-01,-7.149103255642245136e-01,2.389808020353330342e-01,-1.704418712834321614e-01,-2.148475040191466234e-01,0.000000000000000000e+00,1.000000000000000000e+00
-2.266337591694280729e-01,-2.168517332980667844e-01,-5.154996157627160791e-01,-4.013554567157842645e-01,2.341530445855500575e-01,-3.918415457672239088e-01,-3.981856942498222529e-01,-2.448062781517767739e-01,-2.189452038242586662e-01,0.000000000000000000e+00,1.000000000000000000e+00
-2.112221629936579248e-01,-6.058936732025026889e-02,4.520190177271017906e-01,3.267471961523640278e-01,2.679594673403108973e-01,-2.655726501333589562e-01,4.777061456692768271e-01,4.116075184853484337e-01,3.172919544009672466e-01,0.000000000000000000e+00,1.000000000000000000e+00
1.604898027826275886e-01,3.785848103491595840e-01,2.533142807875046754e-01,2.457295506257335393e-01,3.123311080539581397e-01,-1.153325548070445981e-03,4.498634366371650484e-01,4.641017673194255400e-01,4.370878794979570214e-01,1.000000000000000000e+00,0.000000000000000000e+00
-4.000446843982355949e-01,-2.135544797126427141e-01,-2.778473984425938043e-02,-8.246710254882770597e-02,-8.540969229262472817e-01,1.847252540758553829e-01,-1.185695477729283576e-01,-6.835391910196557397e-02,-6.670795115440308898e-02,0.000000000000000000e+00,1.000000000000000000e+00
-2.487825854591088626e-01,-1.985406576319636296e-01,-4.049044115842749259e-01,-3.214734168574632234e-01,-3.690671047073004196e-01,-3.961457611864785400e-01,-4.372809874903378358e-01,-3.023281670074830507e-01,-2.358752163819991809e-01,0.000000000000000000e+00,1.000000000000000000e+00
3.311388158884640553e-01,-3.793177896560056411e-02,-6.277465776715772661e-01,-5.123819517868982709e-01,2.549782711580850236e-01,-2.864276436344153631e-01,-1.523980410533510021e-01,-1.392369832564975263e-01,-2.064955695339803499e-01,0.000000000000000000e+00,1.000000000000000000e+00
-8.603392661168859923e-02,-1.920141705309202917e-01,-4.773317657181851414e-01,-3.699162422757328872e-01,-1.932710652520075179e-01,-4.986272596963611803e-01,-2.789533974621551393e-01,-3.586701727782705129e-01,-3.140110529131679984e-01,0.000000000000000000e+00,1.000000000000000000e+00
-2.380496032603987844e-01,-2.269361699519473474e-01,-4.825545829621373795e-01,-3.709950589574659841e-01,-9.325489387146841669e-02,-1.151104091218939710e-02,-4.945108314095529867e-01,-3.966055254899107374e-01,-3.326713352877507801e-01,0.000000000000000000e+00,1.000000000000000000e+00
-4.222595758609429262e-02,-6.605013726311902145e-02,5.356143057376500094e-01,3.835735553020510613e-01,2.668506869460300912e-01,-5.707235678973882065e-01,5.683325386852803446e-02,2.318623559530252065e-01,3.254506723070568208e-01,0.000000000000000000e+00,1.000000000000000000e+00
-3.258495638982331633e-01,-2.752619056588080371e-01,-4.176564094505031965e-01,-3.635210652169962309e-01,-4.178497301904665617e-02,-4.109537468099299096e-01,-3.220424368904460377e-01,-3.363296913421395806e-01,-3.521513103267802647e-01,0.000000000000000000e+00,1.000000000000000000e+00
3.405546159679600504e-01,3.084711156681652772e-02,-5.225295859903105189e-01,-4.533112709821554565e-01,3.309545055933448277e-01,-4.058785012670943493e-01,-4.533693708017071805e-02,-2.337941160548419606e-01,-2.712182948976760710e-01,0.000000000000000000e+00,1.000000000000000000e+00
-4.326109339048721525e-01,-2.346199846104329578e-01,3.370383797585675689e-02,1.097392068172868594e-03,-7.267258720418944273e-01,1.795277943487391947e-01,-3.144670117625901207e-01,-2.438757420327352932e-01,-1.947780497027711832e-01,0.000000000000000000e+00,1.000000000000000000e+00
-6.662909046227200038e-01,-3.354579944140457792e-01,1.451310370025308272e-01,5.016377023834176635e-02,1.891586074697093611e-01,-5.649227504702547531e-01,1.990866545132750076e-01,1.233472843861932178e-01,1.008771594826837342e-01,0.000000000000000000e+00,1.000000000000000000e+00
-1.118304196520700927e-01,-1.720548425289983308e-01,-4.983274847690481457e-01,-4.172596134489913733e-01,4.395685998325105787e-02,3.711957508375061665e-01,-3.789839827835239094e-01,-3.828272555542555078e-01,-3.248863855717001869e-01,0.000000000000000000e+00,1.000000000000000000e+00
-4.368330596486220130e-01,-1.923017937805893973e-01,5.901224166759787559e-01,4.718561092233323206e-01,-3.382808061574649194e-01,-7.362467979694287123e-02,-2.727662889787884071e-01,-8.210339413714767831e-02,1.753084738584633276e-02,0.000000000000000000e+00,1.000000000000000000e+00
-1.104075851951977910e-01,-2.191493123192287673e-01,-2.012230562870522266e-01,-1.995811599026842131e-01,-4.026276142084642684e-01,-5.380886845182688560e-01,-4.376904951746173333e-01,-3.673301707908161462e-01,-2.851447600825912088e-01,0.000000000000000000e+00,1.000000000000000000e+00
-1.763175760053304619e-01,-2.271456064967503352e-01,-2.793257784096691010e-01,-2.816112039963629687e-01,1.628380368840633419e-01,-8.283612878259313250e-01,-1.976017994371964404e-01,-8.416665598620419464e-02,-3.405992652326367970e-02,0.000000000000000000e+00,1.000000000000000000e+00
-5.288889184572307389e-01,-3.126243091333623103e-01,-3.485414079431231604e-01,-2.723947493711874057e-01,-1.534930244068897776e-01,-7.336828588612473445e-02,-4.276471724395054519e-01,-3.421515553620971817e-01,-3.130011755383890759e-01,0.000000000000000000e+00,1.000000000000000000e+00
-1.309113542647010603e-02,-1.783056126392879581e-01,-6.585327317766225264e-01,-4.659395566872232552e-01,2.994843022901770291e-01,-2.744865473897920571e-01,-1.239043839916289802e-01,-2.217599890138090002e-01,-2.961540144106684092e-01,0.000000000000000000e+00,1.000000000000000000e+00
-3.505510601924881620e-01,-1.846981812905579279e-01,6.411984285359562108e-01,5.244553727664942322e-01,-1.673409830959335653e-01,8.254157022568506252e-02,-7.602808864824081581e-02,1.797288484998633140e-01,2.896771108662777316e-01,0.000000000000000000e+00,1.000000000000000000e+00
-6.229311239167719533e-02,-3.552999657488546958e-01,-2.837476168178757474e-01,-1.015385272810962192e-01,-3.233401016722473043e-01,7.626832421097108350e-01,-2.404179033196492121e-01,-1.216981049325971814e-01,-1.421723383432305643e-01,1.000000000000000000e+00,0.000000000000000000e+00
1.776432047520234425e-01,-6.858735557457742993e-02,-6.031900041990604366e-01,-5.230017265851567565e-01,4.569167120104934976e-01,-2.868448286298440619e-01,4.360531109989310844e-02,-9.097721653582420409e-02,-1.585514578082148074e-01,0.000000000000000000e+00,1.000000000000000000e+00
-7.054436031602616397e-02,-1.249918399713121908e-01,-3.710524405218202926e-01,-3.497508185041609541e-01,-7.064381023569746842e-01,1.217134839725045603e-01,-2.834792927839476229e-01,-2.559105899307524967e-01,-2.442852439019134736e-01,0.000000000000000000e+00,1.000000000000000000e+00
6.432077200163330843e-01,1.289070344064712215e-01,-5.081725892551620660e-01,-3.873558119943739109e-01,6.681660149389240244e-02,-1.484687907193260048e-01,-1.834066978320478825e-01,-2.206669352685037833e-01,-2.292237916371255013e-01,0.000000000000000000e+00,1.000000000000000000e+00
-4.820504839310316147e-01,-2.841409647915778547e-01,8.476392258864284823e-02,-9.448248515258773905e-02,6.168019470946065619e-01,4.513666006518494145e-01,4.701063222344542547e-02,-1.742583468702265381e-01,-2.324370008760459627e-01,0.000000000000000000e+00,1.000000000000000000e+00
2.549209501746734774e-01,1.945163817128227890e-01,3.860712179884941420e-01,4.186862701475430604e-01,4.799219132299321067e-01,2.107787641103271714e-02,3.539618988472169603e-01,3.265898246113546066e-01,3.318286443192211554e-01,1.000000000000000000e+00,0.000000000000000000e+00
-6.347175147840353748e-01,-2.805227106637513401e-01,4.148557885556253821e-01,4.463264874023982753e-01,1.250497047670010853e-01,-3.526891068704145482e-01,2.474027615859171123e-02,2.763709887878928323e-02,7.566439920439325950e-02,0.000000000000000000e+00,1.000000000000000000e+00
4.944403170410398007e-01,5.942542331538252370e-02,-4.600644078319537367e-01,-3.979429302503531551e-01,1.706097011731884383e-01,-7.696713714894075353e-02,-3.527185708910643980e-01,-3.477672209518577473e-01,-3.187405156280238017e-01,0.000000000000000000e+00,1.000000000000000000e+00
4.126771851874751484e-01,1.620621219882888708e-01,2.301479705062674519e-01,1.661535382172322217e-01,-2.215012218809514488e-01,8.119914316976001301e-01,6.082656775718853215e-02,2.747952908264436611e-02,1.000522390720947757e-01,0.000000000000000000e+00,1.000000000000000000e+00
-2.001696450755958423e-01,-1.135053654787071681e-01,-2.723301086538799098e-01,-4.211754324412129713e-01,2.319227880424876431e-01,-7.825573204272855410e-01,-1.653444649043765702e-01,4.259303075095940277e-02,-1.261406023362056893e-02,0.000000000000000000e+00,1.000000000000000000e+00
-2.371320897957866769e-01,-1.814608971105735880e-01,1.740505894829084133e-01,-1.165824999746979118e-01,-7.447530220346180174e-01,-3.781689182643516167e-01,1.989822127693864073e-01,3.159074030711646608e-01,1.729017782572398743e-01,1.000000000000000000e+00,0.000000000000000000e+00
-6.461028200561893531e-01,-3.103245629107178050e-01,3.404466205379212684e-02,1.273977988626133484e-01,7.824955948501642611e-02,-4.049282515154780659e-01,-3.948589777410216328e-01,-2.936531753122772481e-01,-2.379598522685420769e-01,0.000000000000000000e+00,1.000000000000000000e+00
4.913226677418716104e-01,2.339731337675087786e-01,-6.222304679168363245e-02,-1.206969732087990743e-01,7.065770034707214986e-01,-1.822225629185333651e-01,3.651477743285728161e-01,1.342725578381000762e-01,4.001250790011963432e-02,0.000000000000000000e+00,1.000000000000000000e+00
-2.149239472077134616e-01,-1.329178372025377475e-01,-1.784271143499664702e-01,-1.892506056134926340e-01,-1.207616136576862564e-01,8.558167067547867157e-01,-2.390779762993963664e-01,-2.055944244011329580e-01,-1.485111767499712743e-01,0.000000000000000000e+00,1.000000000000000000e+00
4.351959390564946739e-01,1.020746474760481359e-01,-4.472203435810201411e-01,-3.440199512625182754e-01,5.939054984898781697e-01,-2.685509029203089204e-01,1.426717602870623547e-01,-9.317385488858995202e-02,-1.671812530696922539e-01,0.000000000000000000e+00,1.000000000000000000e+00
6.188674759778128864e-02,-1.116400354529025474e-01,-5.597448964381613878e-01,-4.281176215374889460e-01,2.610321081923711595e-01,-1.985181024661719085e-01,-3.708764049664887152e-01,-3.603141711091588650e-01,-3.349398122339118933e-01,0.000000000000000000e+00,1.000000000000000000e+00
-1.211098769221751609e-01,-1.105965480409669133e-01,-1.183407890055103717e-01,-1.522278828157457020e-01,-6.143221891862942208e-01,6.475865555497473114e-01,-2.890823481277934315e-01,-2.013618131636976671e-01,-1.226688541123173576e-01,0.000000000000000000e+00,1.000000000000000000e+00
-1.756700453499948078e-01,-6.973592747752213605e-02,1.407515759351171958e-01,5.657443168949188167e-02,-8.412541476962636100e-01,-1.436957910888155832e-01,3.722956817794265683e-01,2.349826524702781638e-01,1.381568677626610064e-01,0.000000000000000000e+00,1.000000000000000000e+00
-4.208173024364668668e-01,-2.551330710904864962e-01,2.879110300474809758e-01,3.866384797348054181e-01,-4.467218040420309899e-01,-4.246488043804357293e-01,-3.371128881418691825e-01,-1.653659602811863583e-01,-6.752674530893178206e-02,0.000000000000000000e+00,1.000000000000000000e+00
1.748668070725815276e-03,-4.178968509991277946e-02,-4.364459743281072224e-01,-4.881322549871870975e-01,4.725172910154815803e-02,-4.988694324033295380e-01,-4.446217613936361834e-01,-2.657002850597847687e-01,-2.238387563359055532e-01,0.000000000000000000e+00,1.000000000000000000e+00
-4.019002747610746495e-01,-1.932370078536195246e-01,6.095001776833338658e-01,3.510800819235592729e-01,1.854372637074097885e-01,-4.355427534522901545e-01,1.217880087256973387e-01,1.309312120502661436e-01,2.243394018198053008e-01,0.000000000000000000e+00,1.000000000000000000e+00
-5.081248082176299530e-01,-3.298848946493682099e-01,-1.087478066015136885e-01,-1.448748874933853126e-01,4.529559349992475226e-01,-6.123807641914462696e-01,1.181062806226684525e-01,6.145771774784686975e-02,-4.759089296361124211e-02,0.000000000000000000e+00,1.000000000000000000e+00
-4.173038190638952982e-01,-1.448527831411677014e-01,5.066606443411179050e-01,3.176363395161663217e-01,1.947505350574795235e-01,1.783163893183176696e-01,4.531356625406252614e-01,3.470786893248035132e-01,2.275022862551234204e-01,0.000000000000000000e+00,1.000000000000000000e+00
-2.841443107754316744e-01,-2.255175050332425823e-01,-3.897533696877853449e-01,-3.066856348786823894e-01,-3.240868478885093884e-01,-3.897367052086568862e-01,-4.346874429388220551e-01,-3.208163690781076216e-01,-2.713610098655493963e-01,0.000000000000000000e+00,1.000000000000000000e+00
4.932489425997163557e-02,-1.134848022668204365e-01,-5.907277752918450586e-01,-4.759698863907010358e-01,-3.343225511586378484e-02,-2.076013794441060323e-01,-3.567260711952885965e-01,-3.451118017602574639e-01,-3.443979140395722061e-01,0.000000000000000000e+00,1.000000000000000000e+00
-1.741927066438480887e-01,-2.077389257409674450e-01,-4.339158664346436378e-01,-4.488264898904912314e-01,-6.289205052554339703e-01,-2.030191617657412517e-01,-9.179085313231008514e-02,-1.939680328168290058e-01,-2.323064830445551177e-01,0.000000000000000000e+00,1.000000000000000000e+00
6.926359616210697734e-02,-1.526989829178990177e-01,-3.768453562323980655e-01,-3.875163264590762990e-01,4.958273070674246719e-01,5.072353705204783042e-02,-2.582119199615439120e-01,-4.292424130532149218e-01,-4.246930758294666930e-01,0.000000000000000000e+00,1.000000000000000000e+00
-4.103865376782162566e-01,-2.582967497426911785e-01,-2.802933867606460239e-01,-2.635187706324368939e-01,-5.578514404336996080e-01,-4.493376377040190217e-01,-1.343476950557609129e-01,-2.004862904390287970e-01,-2.133367187225012618e-01,0.000000000000000000e+00,1.000000000000000000e+00
-2.033796000902589329e-01,-5.845223849879791628e-02,1.310498015397543736e-01,-3.066623492047493293e-02,-1.381087154683213469e-01,8.552994967858622566e-01,4.049024522218695465e-01,1.499572235294948930e-01,-7.822687478221686252e-03,0.000000000000000000e+00,1.000000000000000000e+00
4.278957892428091325e-01,1.143208917290286786e-01,-4.009811115834607254e-01,-3.293383249539501567e-01,-5.816602274686833995e-01,-3.642513742679376332e-01,-5.491919887955126756e-02,-1.626125058170912741e-01,-1.847152235298558931e-01,0.000000000000000000e+00,1.000000000000000000e+00
5.619304683589145810e-01,2.016914163302884477e-01,-4.101563805044122213e-01,-3.297051965564017917e-01,4.777522391897230936e-01,-2.670737358616710466e-01,8.146108910557559035e-02,-1.343252756593665553e-01,-2.058304570434179304e-01,0.000000000000000000e+00,1.000000000000000000e+00
2.088157945313796338e-01,3.538214858992534684e-02,-2.335738561493318766e-01,-3.364132766514409956e-01,-1.478517858488087588e-01,-5.391063270709965938e-01,-5.371363324417873786e-01,-3.318126344158738861e-01,-2.762292201739022790e-01,0.000000000000000000e+00,1.000000000000000000e+00
-3.283938212405744794e-01,-1.270599578911162375e-01,2.120171838126138075e-01,6.158619911579463896e-02,1.065309199664153314e-02,9.065854813480718200e-01,2.472937211516967881e-02,5.118054518951335036e-02,4.502672214417778596e-02,0.000000000000000000e+00,1.000000000000000000e+00
-4.790018024726263590e-01,-2.046330014391690988e-01,1.840060988658816787e-01,1.856405301576556088e-01,-7.516041775886481702e-01,-2.589136498838354172e-01,-1.402556921638262177e-01,-8.698603169043717109e-02,-3.433089475144408126e-02,1.000000000000000000e+00,0.000000000000000000e+00
7.359092004328631198e-01,3.026971710945201011e-01,1.700270911618946834e-01,-4.680477753854804523e-02,4.687046210156999848e-01,-1.618638557599338251e-02,-2.930691185128634357e-01,1.163621095085573126e-01,1.278143294218484771e-01,0.000000000000000000e+00,1.000000000000000000e+00
1.430082238696918084e-01,-4.689808245765977185e-02,-4.771183765755878103e-01,-4.661061025723241547e-01,-8.836424115424752757e-02,4.164333521678036387e-01,-3.371628947683338873e-01,-3.668142179588517182e-01,-3.209297580909841741e-01,0.000000000000000000e+00,1.000000000000000000e+00
-6.048345292874900414e-01,-3.062295295440561338e-01,-3.698489108192367092e-01,-2.639432125113730376e-01,-1.433257777335949501e-01,-2.712886204988813055e-01,-3.052898857592469817e-01,-2.870528733176834213e-01,-2.533838403486876056e-01,0.000000000000000000e+00,1.000000000000000000e+00
-2.887276979985223813e-01,-2.631220701849788512e-01,-3.944949041956439251e-01,-2.817916783879818032e-01,-1.458924969178079789e-01,-4.694987783092541278e-01,-4.377330674608357897e-01,-3.143294762225465333e-01,-2.832725395854515105e-01,0.000000000000000000e+00,1.000000000000000000e+00
6.282055130058056269e-01,1.837073892448034262e-01,1.636462759761323632e-02,-2.006278312098651873e-01,4.284118116909458873e-01,-6.863024972844847249e-02,-3.530568936290532367e-01,-4.209111298791857747e-01,-2.025535976089070656e-01,0.000000000000000000e+00,1.000000000000000000e+00
1.934794193484390135e-01,3.225875465097596817e-01,3.393244499054017260e-01,2.088358540328634216e-01,3.288144674703054049e-01,-1.589308351067607594e-01,4.486377127386725894e-01,4.165141258029386173e-01,4.377347532945935482e-01,0.000000000000000000e+00,1.000000000000000000e+00
-4.914381793803436205e-01,-2.934777717725725044e-01,-1.534698363141743238e-01,-1.287321672406593343e-01,-2.170824525812466710e-01,-4.948633557372673630e-01,-4.429750154433313991e-01,-2.902039391492812204e-01,-2.444885050609630073e-01,0.000000000000000000e+00,1.000000000000000000e+00
-1.194941481002695094e-01,-1.359787684881096081e-01,-3.810214143945437892e-01,-3.283111686384759254e-01,-6.845375226486061226e-01,-3.339716234209982870e-01,-1.945928958066353576e-01,-2.055853545225150847e-01,-2.323897225639705300e-01,0.000000000000000000e+00,1.000000000000000000e+00
-6.852055853170088140e-01,-3.043817835707569586e-01,3.571228141977426107e-01,2.841074189641204506e-01,-6.336049662495318868e-02,-4.458031913710926997e-01,-2.131245402863618868e-02,9.934208929701557333e-02,1.285036823513625026e-01,0.000000000000000000e+00,1.000000000000000000e+00
-5.311809772034512545e-01,-3.555378282070386087e-01,-3.256486988282839556e-01,-2.072742398941075370e-01,-2.342581888591407091e-01,5.673288312444681875e-02,-4.130807292865145142e-01,-3.350112622106186100e-01,-3.185375689110573894e-01,0.000000000000000000e+00,1.000000000000000000e+00
7.493124975921784670e-02,1.948268546103248400e-01,3.368035952463971361e-01,3.211491500437985147e-01,3.532675161075956027e-01,-6.378107511933822638e-02,4.707466224523740861e-01,4.655234852553489788e-01,4.155404972233174288e-01,1.000000000000000000e+00,0.000000000000000000e+00
-9.068894526411362678e-02,-1.229700132135409796e-01,-3.669331250722130955e-01,-3.497036838645292689e-01,3.465296613104058843e-02,7.563414797417784552e-01,-2.082489275453603683e-01,-2.216889161394711982e-01,-2.322809782804280965e-01,0.000000000000000000e+00,1.000000000000000000e+00
-4.248254285642991679e-01,-1.708047364283924729e-01,3.055576888912094891e-01,1.076657339686603321e-01,1.782507901561922181e-01,-3.855869137528715185e-01,6.352667428533103067e-01,3.077965100063487225e-01,8.147728119498116872e-02,0.000000000000000000e+00,1.000000000000000000e+00
4.851351038546175554e-01,4.850072288361713391e-02,-5.300777021006666256e-01,-3.976265746188897277e-01,2.470392198938784201e-01,-2.498708851656061825e-01,-1.839755705663739527e-01,-2.868044701962660370e-01,-2.891966418741033773e-01,0.000000000000000000e+00,1.000000000000000000e+00
-4.556555805471558251e-01,-3.002266650707509088e-01,-3.206458669305983222e-01,-3.490156685622844424e-01,1.741828303407512990e-01,-3.316104238774567059e-01,-2.815085372545851339e-01,-3.802125732664455304e-01,-3.369012371426770569e-01,0.000000000000000000e+00,1.000000000000000000e+00
6.424879859560308493e-01,2.180372921929661645e-01,-3.993719968827379452e-01,-3.290105194706091085e-01,4.367392869696312130e-01,-6.917987613170632766e-02,6.784268629088210933e-02,-1.443753319559223924e-01,-2.257190437114476034e-01,0.000000000000000000e+00,1.000000000000000000e+00
-3.063768134900594631e-01,-1.854621170926692153e-01,5.674253174453773862e-01,6.421589398423211970e-01,1.805236931407089851e-01,1.939021233902731844e-01,1.016400169524697139e-01,1.202164850136002300e-01,2.059803942763485107e-01,0.000000000000000000e+00,1.000000000000000000e+00
1.689375876581551972e-01,-9.167403541068270666e-04,-3.962818339542845680e-01,-3.444026193396854119e-01,-6.678508240531164653e-01,-3.489452407409851520e-01,-1.376519510128597079e-01,-2.277120892941118246e-01,-2.392037530654812227e-01,0.000000000000000000e+00,1.000000000000000000e+00
-4.029326670663138099e-01,-2.039432035261954379e-01,-6.355775917890507665e-02,-1.138120724030126790e-01,-2.126675297974071899e-01,7.611241388274255781e-01,-2.572958867792045079e-01,-2.021439470004154360e-01,-2.178505849692912999e-01,0.000000000000000000e+00,1.000000000000000000e+00
4.662035799727325819e-02,-8.463445112025173855e-02,-4.278567286647892987e-01,-4.832904988655034595e-01,-6.778075774517638985e-02,-6.318907127784832989e-01,-1.496378264632459432e-01,-2.147037710595488258e-01,-3.188466291406132358e-01,0.000000000000000000e+00,1.000000000000000000e+00
6.357944608815692400e-02,-9.028780195798201402e-02,5.105974726313378120e-01,3.016225080112361345e-01,-2.603858154980434048e-01,4.101917428084431161e-01,-5.709594480853300569e-01,-2.687792664315025726e-01,-4.271798513566411187e-02,0.000000000000000000e+00,1.000000000000000000e+00
-6.652173923088080532e-01,-3.226802376049442422e-01,1.713946852093937157e-01,-1.469277887556177074e-02,-4.658988419106218082e-01,9.952684980813012242e-03,-4.066085261638103798e-01,-1.943165562293005799e-01,-5.933856211660126084e-02,0.000000000000000000e+00,1.000000000000000000e+00
1.278581267101189800e-01,-2.754040724129076800e-02,-2.621912257163377946e-01,-3.633521389360854781e-01,-1.504503284727128354e-01,-7.204864389447163120e-01,-3.669553663915871011e-01,-2.161200632439797265e-01,-2.429499474997837138e-01,0.000000000000000000e+00,1.000000000000000000e+00
1.701783823616121183e-01,-4.643124764340197247e-02,-1.434640232515136116e-01,-1.382091864771381184e-01,-5.443229880206209431e-02,8.652825878536234416e-01,-2.652026753102206258e-01,-2.440510720744740458e-01,-2.182419195684912605e-01,0.000000000000000000e+00,1.000000000000000000e+00
-6.844757906046047280e-01,-3.280708731648687149e-01,3.380900795642604595e-01,-8.789177899655985227e-02,4.736886122672674393e-01,-2.203170303816742726e-01,-3.162227614248777630e-02,9.471882168698907145e-02,-1.376241575596411637e-01,0.000000000000000000e+00,1.000000000000000000e+00
1.290200884081098565e-01,-4.942972769127600141e-02,-3.682043787081377695e-01,-2.816378230307809982e-01,-6.645997594703211275e-01,-4.644659405415617615e-01,-2.568450658700853761e-01,-1.706096163019292511e-01,-1.162656944180011642e-01,0.000000000000000000e+00,1.000000000000000000e+00
1.309678547395815573e-01,-1.672860212200893981e-02,1.498931428077668326e-01,1.496678570149983789e-01,-2.315911803057080220e-01,9.243704618846986243e-01,-1.648944645397527609e-01,-8.194259950923777833e-03,4.844168947700592393e-02,0.000000000000000000e+00,1.000000000000000000e+00
2.139304034445572433e-01,1.913931454535095777e-01,-7.171781916376603061e-02,-1.620559282679911728e-01,7.283120548654145043e-01,-1.893045051223691544e-01,5.352617705532907166e-01,1.799520914871045874e-01,3.216074804352407612e-02,0.000000000000000000e+00,1.000000000000000000e+00
-3.854675398510163942e-01,-2.645806415687223523e-01,2.112880713322974335e-01,1.305826962928647306e-01,-4.678806838187255512e-01,-5.107655901689530653e-01,-3.970393809864946055e-01,-2.413162835856942912e-01,-1.550797504537088367e-01,0.000000000000000000e+00,1.000000000000000000e+00
-7.081509702229957792e-01,-3.045531378186550064e-01,1.545667980963980892e-01,-5.358153943454647267e-02,2.876427968487960118e-01,4.457345876304752985e-01,1.597850260947609458e-01,2.516123851093775010e-01,9.354124802167142205e-02,0.000000000000000000e+00,1.000000000000000000e+00
-6.030280368473821540e-01,-2.994974086395602586e-01,5.226553053025664308e-01,3.281185549158650572e-01,-6.929661634849793028e-02,-2.190689972492146087e-01,-2.480236536941188008e-01,-1.857899164169406758e-01,-1.303888888136737756e-01,0.000000000000000000e+00,1.000000000000000000e+00
-1.647911531851852796e-01,-5.927547457977186407e-02,5.227749675118340544e-01,4.892865947256205827e-01,2.951266898405759953e-01,-1.613462112770592313e-03,3.291961164936024753e-01,3.676855473380046258e-01,3.549227301231696052e-01,1.000000000000000000e+00,0.000000000000000000e+00
-1.844541972423644483e-01,-1.676937071764961484e-01,-5.164740383025947512e-01,-3.771701759296788303e-01,-3.023767916685315416e-01,-3.038585188414636429e-01,-4.212448961075228038e-01,-3.136940791096595182e-01,-2.631344418054885614e-01,0.000000000000000000e+00,1.000000000000000000e+00
-3.437767241805004259e-01,-1.436320883985340024e-01,6.349854887222307065e-01,4.291297180291306912e-01,1.350938266896241358e-01,2.204419987486410659e-01,2.590631613709021841e-01,2.762059476271897518e-01,2.521508227318844941e-01,0.000000000000000000e+00,1.000000000000000000e+00
-7.176029026733067584e-02,-7.210050348936243580e-02,1.432454390010793888e-01,9.762092944712774667e-02,4.962696900497313712e-01,7.886245930597297615e-01,2.618339178221501529e-01,1.390769380351807305e-01,5.908576157228530995e-02,0.000000000000000000e+00,1.000000000000000000e+00
-5.729291513128550312e-02,-1.890968789212666701e-01,-1.078144354480953943e-01,-2.482142778807032990e-01,-3.638276792825824169e-01,-5.554730165288951360e-01,-3.493091039336818082e-01,-4.502801422366911610e-01,-3.493360890827887366e-01,0.000000000000000000e+00,1.000000000000000000e+00
-1.186071747233893581e-01,-5.895203675568043422e-02,5.537313227499164325e-01,6.175485695587721313e-01,3.622777038860093279e-01,-2.754473391506801969e-02,2.415295172388059741e-01,2.301993962803298988e-01,2.261421346481559680e-01,0.000000000000000000e+00,1.000000000000000000e+00
2.124557035376819225e-01,-3.081257948821170337e-02,4.915397370256082699e-01,3.478421237658565479e-01,-5.599271059556093846e-03,-6.777402990734827659e-01,-3.205116959565217361e-01,-1.673663462311182348e-01,-3.471594616531584881e-02,0.000000000000000000e+00,1.000000000000000000e+00
-1.094494759137072254e-01,-1.604133691322329192e-01,-5.786779938735184814e-01,-4.191403284348825808e-01,-3.487993788796540651e-01,1.812339895566315029e-01,-3.285252747955725861e-01,-3.126395019849336765e-01,-3.025928744262495473e-01,0.000000000000000000e+00,1.000000000000000000e+00
-2.456491660255254172e-01,-1.974435182729910310e-01,5.720733858798733307e-01,5.962521650557958131e-01,-1.081592955426054353e-01,3.585111374592218625e-01,-1.457266869687934840e-01,8.031547465729628466e-02,2.235451397330192325e-01,0.000000000000000000e+00,1.000000000000000000e+00
-7.228630677854280817e-02,-8.742340532215132909e-02,-4.274952191390733736e-02,-1.835936806834403134e-01,-3.210066145503774337e-01,8.031711132832866085e-01,-4.153725694812742120e-01,-1.530563764259356696e-01,-8.664852683983774451e-02,0.000000000000000000e+00,1.000000000000000000e+00
-5.253910462686887106e-01,-2.166169522462983721e-01,4.384229011089114669e-01,3.481922555545651221e-01,-2.393325641703189510e-01,-2.120588064626392488e-01,2.946714880588399144e-01,3.003060368331700314e-01,2.903874001249578951e-01,0.000000000000000000e+00,1.000000000000000000e+00
-3.961473155309381822e-01,-2.510575322909832097e-01,-3.073580680298942380e-01,-3.378943837179350096e-01,-4.412803134576791519e-01,-4.904421971153269388e-01,-8.000795954031422741e-02,-1.943319445878372853e-01,-3.032619021781168822e-01,0.000000000000000000e+00,1.000000000000000000e+00
4.548690964841277662e-01,2.325289130220734302e-01,-1.675123420708367061e-01,-1.763873460619927724e-01,4.302890581485395716e-01,6.908961122884718087e-01,1.153606644561150640e-01,6.184564572105970964e-02,-1.524633528239289874e-02,0.000000000000000000e+00,1.000000000000000000e+00
-3.193091691697664755e-03,-7.356348628470082973e-02,-1.796391179688418271e-01,-1.257132724033026006e-01,2.986021990325773284e-02,9.551465097106744961e-01,-1.033840242982579372e-01,-1.086759357746601845e-01,-1.039662197368138724e-01,0.000000000000000000e+00,1.000000000000000000e+00
-8.052666815309964532e-01,-3.985249214306239574e-01,1.235698564348875761e-01,1.950273558031926160e-02,-1.101247635979625966e-01,3.643291250457410535e-01,-7.728116937789392127e-02,-1.002240340214256703e-01,-1.272524320014046528e-01,0.000000000000000000e+00,1.000000000000000000e+00
5.254403389341663067e-01,1.076491744508196596e-01,-4.985359824387832761e-01,-4.213524968443965735e-01,-2.161132719357988785e-01,-3.781185663987081669e-01,-1.400998022169234747e-01,-1.745356880441897296e-01,-2.155894142417586756e-01,0.000000000000000000e+00,1.000000000000000000e+00
2.605762072495513837e-01,8.209362741772255334e-02,-4.615912700070940594e-02,-1.191477318039642214e-01,9.050888186974189731e-01,1.722805488164864118e-01,2.318051728438172421e-01,2.564262936815653662e-02,-7.600190605292998780e-02,0.000000000000000000e+00,1.000000000000000000e+00
-4.754343248114750176e-01,-2.523995854015279594e-01,4.605240551622397094e-01,3.197944120216090202e-01,3.300253337472467963e-01,-4.742818950797981215e-01,2.036288351376343286e-01,1.413781277318736096e-01,2.435705895479708949e-02,1.000000000000000000e+00,0.000000000000000000e+00
1.004737264329270824e-01,4.999353199716801699e-01,2.037578323186511609e-01,2.387651728303773757e-01,2.108729110055583833e-01,7.181572676390114707e-02,3.908228175786359615e-01,4.529814533331664728e-01,4.836156419544994089e-01,1.000000000000000000e+00,0.000000000000000000e+00
-5.029570285930113904e-01,-3.284250678135097745e-01,4.260358518744539191e-01,5.402099943635352286e-01,1.597416523490763005e-02,3.288854007593312034e-01,-2.211986487442262894e-01,-7.076731197753392821e-03,9.185920753872715838e-02,0.000000000000000000e+00,1.000000000000000000e+00
-1.779284948831844071e-01,-1.640298974930003706e-01,-3.764528370605190188e-01,-2.489272104237364724e-01,-5.431953379134810689e-01,-2.686863485797369444e-01,-4.311648662467152948e-01,-3.446114782444897884e-01,-2.565938560241269872e-01,0.000000000000000000e+00,1.000000000000000000e+00
2.318545359031646824e-01,3.366297252594662170e-01,1.285761575482320951e-01,8.924054599424353917e-02,7.302753392990783687e-02,7.816238867450909789e-01,3.363268279817653306e-01,2.314713424904302208e-01,1.595761895041398204e-01,0.000000000000000000e+00,1.000000000000000000e+00
-8.655379589759233661e-02,-1.933639934097261814e-01,-3.919092307960127530e-01,-3.574092019765528483e-01,-4.285707297046343900e-01,-3.440317724988181114e-01,-4.496065556556388398e-01,-3.011330687261693506e-01,-2.809389841416002342e-01,0.000000000000000000e+00,1.000000000000000000e+00
-1.698865523273201117e-01,-1.661012224470021781e-01,-2.841829101593152940e-01,-2.432305081781405420e-01,-7.320974630655447957e-01,-3.910986418943301346e-01,-2.780360022740531734e-01,-1.610818449825438536e-01,-1.070126826251013297e-01,0.000000000000000000e+00,1.000000000000000000e+00
-3.105788947982246473e-01,-1.728691030893060865e-01,5.548617083540128281e-01,4.643654351057396878e-01,1.034445985232336912e-01,-4.160051314988845172e-01,1.307345345376245693e-01,2.704751484121218352e-01,2.759363545424378672e-01,0.000000000000000000e+00,1.000000000000000000e+00
5.047235661072057081e-03,2.340469969980589829e-02,6.042888813975278994e-01,6.237821690063864999e-01,-4.895958578900662383e-02,3.176826795187221442e-01,5.549066723291134345e-02,2.022016804898378040e-01,3.128473097909926226e-01,0.000000000000000000e+00,1.000000000000000000e+00
1.273891591470037721e-01,1.420642793056862696e-01,5.562176067724380335e-01,5.625840595633884167e-01,2.429662742823461286e-01,1.003093187352080695e-01,2.105372304269664541e-01,2.995459772564919021e-01,3.668277589939510919e-01,0.000000000000000000e+00,1.000000000000000000e+00
-5.508817118981296224e-01,-2.890189040356544448e-01,4.948466077367456584e-01,5.535293752558078095e-01,8.951299890577385510e-02,-1.209632815070352668e-01,-1.170497801124146670e-01,-8.434853706216129815e-03,1.591005591413825748e-01,0.000000000000000000e+00,1.000000000000000000e+00
-2.817423976943794206e-01,-1.481028954077258097e-01,-2.301242832944040348e-02,-1.421660161600966366e-01,8.883754781216399721e-01,2.305158246099385522e-01,1.652490152417922242e-01,9.382626893232120027e-03,-9.056599502886242270e-02,0.000000000000000000e+00,1.000000000000000000e+00
4.354564219537706005e-01,3.870136695131249499e-02,-3.955846741627287444e-01,-3.266722125390825737e-01,-1.881168936844297007e-02,-4.664539494968238387e-01,-4.015485132678880409e-01,-3.209585359069406230e-01,-2.519705993969318936e-01,0.000000000000000000e+00,1.000000000000000000e+00
-2.961939106163249402e-01,-1.691816514842698072e-01,1.613946500406232276e-01,-1.104502823693413321e-01,-6.460070314682333503e-01,-4.566707595772185324e-01,-3.528197268835713829e-01,-2.485897448384893349e-01,-1.823385584602582321e-01,0.000000000000000000e+00,1.000000000000000000e+00
4.303705810444411473e-01,1.784589741310667055e-01,-3.007138687701975677e-01,-2.878697487434440649e-01,7.094627724412336800e-01,-1.213304524257611122e-01,2.595600585347012657e-01,-4.407056040202860653e-02,-1.492098923150749490e-01,1.000000000000000000e+00,0.000000000000000000e+00
3.919188754583112222e-01,-6.071791767449783578e-02,-1.963201988593465952e-01,-9.350205188359120290e-02,-4.367517853922346927e-01,-6.714964602798451088e-01,-3.562372080395196927e-01,-1.505235794659857129e-01,-6.485954646340903740e-02,0.000000000000000000e+00,1.000000000000000000e+00
-7.141480524107259864e-01,-3.115722108051292016e-01,-2.336999056815119991e-01,-2.889690462519841074e-01,3.055100473217554624e-01,2.916315642671481467e-01,2.125934195239278235e-01,-2.525507591709302141e-02,-1.748640097582753739e-01,0.000000000000000000e+00,1.000000000000000000e+00
-2.089834564500182151e-02,-1.220810254465262840e-01,-5.215715447220902190e-01,-3.755720518098145666e-01,-4.609902448453340740e-01,2.410504561747585095e-01,-3.475823855169601351e-01,-3.207309455135917142e-01,-2.779731239067575466e-01,0.000000000000000000e+00,1.000000000000000000e+00
-1.198262409518896232e-01,-4.858021351948327814e-04,3.407807500650590349e-01,1.244906771167468701e-01,-6.554873941407237670e-01,3.424772891257035212e-01,2.902423918669093106e-01,3.490993726762268157e-01,3.177208715018384755e-01,0.000000000000000000e+00,1.000000000000000000e+00
1.541113240127623685e-01,1.519508559093045615e-02,1.245080906842595259e-01,-8.854258435901561641e-02,-6.682893773133563586e-01,-5.159316199790514590e-01,-3.812038739635314477e-01,-2.346609639031662364e-01,-1.987422085649032943e-01,0.000000000000000000e+00,1.000000000000000000e+00
8.967884230177293192e-01,4.043581529108039585e-01,-8.531253795223334158e-02,-4.801520674110524439e-02,-1.207096677494255352e-02,-1.277000440411086013e-01,-3.672467084005121701e-02,-5.164944034023695452e-02,-4.703130535018530678e-02,0.000000000000000000e+00,1.000000000000000000e+00
-1.781272542822816551e-01,-4.621044991947478170e-02,4.069451692020938927e-01,2.947379638619910813e-01,-7.051362883650709179e-01,-1.998420983787384253e-01,1.483690721237645171e-01,2.441687936525600844e-01,3.080172182060003094e-01,0.000000000000000000e+00,1.000000000000000000e+00
7.314300561948166024e-01,4.608294172016683121e-01,-1.947773420140315181e-01,-2.042017452838738312e-01,-7.394937928205777555e-02,-3.665030499946306808e-01,1.062167691336114578e-01,9.758651155255104737e-02,1.114074941987276829e-01,0.000000000000000000e+00,1.000000000000000000e+00
-3.510449919395381424e-01,-2.266005251378868379e-01,-4.948581834802164847e-01,-3.972597370185489418e-01,-3.730954170737034170e-01,-1.051934423041219618e-01,-3.380595545959610426e-01,-2.917674164513234247e-01,-2.702616453115878059e-01,1.000000000000000000e+00,0.000000000000000000e+00
1.962560403639021789e-01,-3.579475282212658122e-02,-4.167413255305116859e-01,-4.200578484599933882e-01,4.825537436415278103e-01,-2.788419737942186005e-01,-1.501932830737157665e-01,-3.745001257550628071e-01,-3.696769474965817537e-01,0.000000000000000000e+00,1.000000000000000000e+00
-2.951587148179559694e-01,-2.251949905931079909e-01,-4.390673244071837678e-01,-4.544826231480649792e-01,-1.681316285359229501e-01,-3.769218517687158432e-01,-3.358560109098916446e-01,-3.240523445970624472e-01,-2.732882548063408912e-01,0.000000000000000000e+00,1.000000000000000000e+00
-7.833554152067999654e-01,-3.661348802671427483e-01,4.493792082317559222e-01,1.662051679091025580e-01,-4.013908219211877182e-02,-1.038790230601654568e-01,-7.034973026347689229e-02,-6.195625929001631615e-02,-3.929443119245058097e-02,1.000000000000000000e+00,0.000000000000000000e+00
3.979129952568369322e-01,7.164968680684670466e-02,-3.844491352194658873e-01,-3.908592554566591160e-01,-2.847664189359025433e-01,7.557929129286815317e-02,-4.276348346430909331e-01,-3.977605284918800388e-01,-3.287405405282567417e-01,0.000000000000000000e+00,1.000000000000000000e+00
-5.320241143393603656e-01,-2.513767549647805688e-01,-4.027219113217939128e-01,-2.957728651101523276e-01,-1.361169015150594519e-01,-3.374122671933659778e-01,-3.634552704595014894e-01,-2.742771343481426594e-01,-2.537538457816995718e-01,0.000000000000000000e+00,1.000000000000000000e+00
-5.050941050014446931e-01,-2.841268250895986336e-01,-5.355504375119495286e-01,-4.170253640278968055e-01,7.588321692756709071e-03,-1.581385843663544732e-01,-1.803829572573679152e-01,-2.435837546601602455e-01,-2.940935492333889290e-01,1.000000000000000000e+00,0.000000000000000000e+00
-8.125154042912588470e-02,-1.018852036878175882e-01,-1.941219748623718988e-01,-1.781308931654614347e-01,-1.308516821207265056e-02,9.147673575367056831e-01,-1.754844608032457010e-01,-1.610871703387509735e-01,-1.410291592189960308e-01,0.000000000000000000e+00,1.000000000000000000e+00
-2.552238222393264921e-01,-2.173613942427543855e-01,-5.793341970983286598e-02,-1.038152408127017284e-01,-8.765382520827381674e-01,-2.313199374203112058e-01,-9.015488691946998978e-02,-1.286528791142251549e-01,-1.642353547744189457e-01,0.000000000000000000e+00,1.000000000000000000e+00
-5.289122942440996344e-02,-1.079912506818920398e-01,-2.215486749025974977e-01,-2.342346586886890070e-01,8.162282675978655977e-01,-3.718835043127283191e-01,1.806547812499191275e-01,-9.762350021346871687e-02,-1.868108496739908919e-01,0.000000000000000000e+00,1.000000000000000000e+00
3.791453139905619496e-01,2.123069002002185221e-02,-5.278315407029978701e-01,-3.962481247674594087e-01,5.909346518998692677e-01,-3.908083886782007244e-02,3.287619594285991209e-02,-1.556009570656013974e-01,-2.101328152754990408e-01,0.000000000000000000e+00,1.000000000000000000e+00
-5.776561195638475477e-01,-2.579662216408839526e-01,-3.700483093074510288e-01,-2.815781803876947209e-01,-2.881850983728445614e-01,-3.665362869093085479e-02,-3.749903077723921174e-01,-2.938017440431771599e-01,-2.687256556129160590e-01,0.000000000000000000e+00,1.000000000000000000e+00
1.610567689915049228e-01,-5.331318716217055970e-02,-5.806541039701972329e-01,-4.110766099758758063e-01,4.707173876919444333e-01,1.716667924097296793e-01,-2.089888978183007673e-01,-2.869785444513296979e-01,-2.966443365908947305e-01,0.000000000000000000e+00,1.000000000000000000e+00
-3.519612106566637477e-01,-1.706914466384277795e-01,5.388143043731286053e-01,4.535790916384929705e-01,-3.167309182165329307e-01,-2.992423813597414606e-01,2.586600099465017899e-01,2.609322492437455843e-01,1.614861370886547798e-01,0.000000000000000000e+00,1.000000000000000000e+00
-4.902718302914708670e-01,-3.314701359974789874e-01,1.423489859266256208e-01,1.802454334266875291e-01,3.674223321893897443e-01,-6.501531297268212661e-01,1.195328939576165705e-01,1.452877100100304353e-01,6.256626563922726425e-02,0.000000000000000000e+00,1.000000000000000000e+00
-5.270462320825408664e-01,-2.958791287713872231e-01,-3.419005757210345497e-01,-2.732858593529813307e-01,-2.896491717933823984e-01,-3.895344920851606108e-01,-2.553788534804445898e-01,-2.629442360247612465e-01,-2.703790903456493866e-01,0.000000000000000000e+00,1.000000000000000000e+00
-2.820044196564138739e-01,-2.093456422212465196e-01,6.964656781929122464e-02,2.092236021408978852e-02,3.827306355850189079e-01,8.306980989842560614e-01,-8.038355134840888955e-03,-1.153831545535958514e-01,-1.464225434552533511e-01,0.000000000000000000e+00,1.000000000000000000e+00
-5.440180641931956912e-02,-1.473014540192961186e-01,-3.529901189210906676e-01,-3.556569725469962417e-01,-3.921121137594760220e-01,-4.309981832536565749e-01,-3.584568360092829087e-01,-3.765010186570673101e-01,-3.383683715544693604e-01,0.000000000000000000e+00,1.000000000000000000e+00
1.068798480428665224e-02,-2.061788385775210064e-01,-4.629182001996105522e-01,-4.076717368117895868e-01,-1.294095550191850241e-01,-5.502256856342814251e-01,-3.584322454054010842e-01,-2.552534769368483003e-01,-2.525141547235989492e-01,0.000000000000000000e+00,1.000000000000000000e+00
4.065194900495484182e-02,-3.559168500797087881e-02,4.216590292707231985e-02,-4.709208891128437158e-02,6.204849570379261658e-01,8.478369253923936921e-02,6.332585901360282543e-01,4.046389733987848514e-01,1.901210813862324045e-01,0.000000000000000000e+00,1.000000000000000000e+00
-2.876167743753736961e-01,-2.514292836889989724e-01,-2.824825553165686842e-01,-2.816587477148140839e-01,-4.613114460093404867e-01,-2.411623646493659401e-01,-5.000703449093949482e-01,-3.447744950313321732e-01,-2.345730665585312180e-01,0.000000000000000000e+00,1.000000000000000000e+00
-3.274260720511504297e-01,-2.491382246826377433e-01,-1.720207727044484325e-01,-3.006107810101789068e-01,-2.713121889433106060e-01,-5.236273717623195489e-01,-4.113121001338338467e-01,-3.087817831394711887e-01,-3.137587652935482918e-01,0.000000000000000000e+00,1.000000000000000000e+00
2.634412670941840146e-02,-2.017269798062770736e-01,-4.901432781648700776e-01,-3.705752591168579579e-01,-1.325750422486263180e-01,-4.796517598882457101e-01,-3.640376399456050072e-01,-3.175428074916393784e-01,-3.163020175852023219e-01,0.000000000000000000e+00,1.000000000000000000e+00
-1.389952066935279673e-01,-1.589511158814556069e-01,-5.046114195884915388e-01,-4.349526583163473292e-01,-2.853508936443532318e-01,-4.335003518980105608e-01,-3.137143154806840140e-01,-2.811100027939419377e-01,-2.545804048096390604e-01,0.000000000000000000e+00,1.000000000000000000e+00
4.593905712327539526e-01,1.688755341482037209e-01,-2.739164046228034222e-01,-2.888839860522185443e-01,7.387326857125520174e-01,-1.524995208152779003e-01,1.473123032322737613e-01,-5.129381962542283423e-03,-1.060560836435915921e-01,1.000000000000000000e+00,0.000000000000000000e+00
-3.018506857490820816e-01,-3.222846071300793369e-01,-5.023073250204265761e-02,-8.623228353367218876e-04,4.522510749208462633e-01,-6.880246742298555818e-01,-1.991814459033704743e-01,-2.138977978424924375e-01,-1.978899239508427610e-01,0.000000000000000000e+00,1.000000000000000000e+00
1.105709079324817823e-01,-8.776364603654218666e-02,-4.830004656934498430e-01,-4.300723871176995727e-01,-1.651446843225546357e-01,-5.038469302938965999e-01,-3.856836035228388693e-01,-2.768158926829600852e-01,-2.351734090779573905e-01,0.000000000000000000e+00,1.000000000000000000e+00
8.056844747355034198e-01,1.829192008655787516e-01,2.558872333401902566e-01,2.526407804854549077e-01,1.617005975977864052e-01,-3.071071880890851591e-01,-1.184873611575268243e-01,5.160072789058307852e-02,2.257070111044381655e-01,0.000000000000000000e+00,1.000000000000000000e+00
-1.958274966723438093e-01,-2.237989419471403951e-01,-3.542240102225251985e-01,-3.238576403476918220e-01,-2.099644711619772508e-01,-5.332938804794759013e-01,-4.288574591015444915e-01,-3.265025165874987922e-01,-2.493935621231868627e-01,1.000000000000000000e+00,0.000000000000000000e+00
-8.902119949049461245e-02,-5.745752501567242404e-02,-4.172601919791246033e-02,-1.109858157467133871e-01,5.348752694582225020e-01,8.189469335105759029e-01,1.245373389134296765e-01,-3.117528508146740884e-03,-4.929548998904178386e-02,0.000000000000000000e+00,1.000000000000000000e+00
-1.186926911736875395e-01,-1.641979591704856023e-01,3.788172004096140161e-02,-2.393378388814701788e-02,-6.075623640470944054e-01,-5.422884048738152440e-01,-4.172940728278352052e-01,-3.125151363974506546e-01,-1.481027703315774824e-01,0.000000000000000000e+00,1.000000000000000000e+00
-1.190911524832199697e-01,-2.526021656771581733e-02,5.211104497975159733e-01,4.914484961177600364e-01,2.236715721057262740e-01,-1.185319487940033750e-01,3.534798643984919386e-01,3.693021167891828993e-01,3.830021286902910993e-01,1.000000000000000000e+00,0.000000000000000000e+00
-1.218601107633315167e-02,-1.174225480742256550e-01,-4.594479602227387049e-01,-4.044373209684779535e-01,-7.828981770762215298e-02,-3.699395563025976164e-01,-4.796613991020135526e-01,-3.568849345440371912e-01,-3.331290837284404671e-01,0.000000000000000000e+00,1.000000000000000000e+00
-6.169965031014107426e-01,-2.755747903468080962e-01,9.660238715378537122e-02,1.000305785709755257e-01,2.204433944441471782e-01,6.886616819278670310e-01,-3.114958443410133920e-02,-8.479222527129180384e-03,1.197147017001316989e-02,0.000000000000000000e+00,1.000000000000000000e+00
1.629437518130982532e-01,-4.627298073786005606e-02,-4.336568146897485931e-01,-4.085493608136084309e-01,-5.272728682407585854e-01,-1.717260091308734846e-02,-3.557008404316765460e-01,-3.391054339098026893e-01,-3.106608646977039312e-01,0.000000000000000000e+00,1.000000000000000000e+00
-1.639032865458106558e-01,-5.266845157420228102e-02,5.363629057504165631e-01,6.208643178251653794e-01,1.567887707181153945e-01,5.308964646926987024e-02,2.598988476942181713e-01,3.061038635351495119e-01,3.294781685715485464e-01,0.000000000000000000e+00,1.000000000000000000e+00
-3.834418638901860299e-01,-3.043895747079363168e-01,3.706424738896617332e-02,-7.251766158197837930e-02,6.101385554152504165e-01,-5.921145547253068298e-01,-1.025888572706466773e-01,-1.107871188553267577e-01,-8.955329188586191869e-02,0.000000000000000000e+00,1.000000000000000000e+00
7.960262679137848352e-01,2.090837541788057030e-01,-3.694565678346518056e-01,-2.349705443454120080e-01,-1.953159923141839505e-02,-8.937709936298365854e-02,-2.117102410702859094e-01,-2.063256209728654977e-01,-1.874983066607637527e-01,0.000000000000000000e+00,1.000000000000000000e+00
-2.120358779017593107e-02,-5.878439028934835490e-03,5.921926944160231798e-01,6.331821991724200238e-01,1.665499747233588346e-01,2.280643503045874099e-01,1.097100014032806603e-01,2.323305684768094959e-01,3.195902810380905068e-01,0.000000000000000000e+00,1.000000000000000000e+00
-3.914617114552818578e-01,-2.601744627218438022e-01,-3.648717570293317225e-01,-3.916880984969230983e-01,1.270879712523347305e-01,-5.145969149126701225e-01,-2.297398141589952203e-01,-2.579446926185104960e-01,-3.037084587158464521e-01,0.000000000000000000e+00,1.000000000000000000e+00
-5.162478827307304119e-01,-2.141036823919921783e-01,5.719313607665578170e-01,4.299017016657777357e-01,3.282022079520242192e-02,-3.987417449165915895e-01,-1.061050009887609807e-01,4.315963138258376713e-02,5.033498972612990285e-02,0.000000000000000000e+00,1.000000000000000000e+00
7.502569939993734005e-01,1.895897784973817612e-01,3.345145518949003693e-01,1.009328264432244465e-01,3.393022681818611552e-01,2.280509854564009287e-01,-3.028974344237569394e-01,-2.300826650966364319e-03,1.421172305398278324e-01,0.000000000000000000e+00,1.000000000000000000e+00
-3.301280614964034743e-02,-8.755739296216176817e-03,-2.626797664414867034e-02,-1.367191167803331331e-01,-9.392393899525462997e-01,-2.757112248031943214e-01,-6.030985805245953069e-02,-8.578109558311911020e-02,-1.013330237912322407e-01,0.000000000000000000e+00,1.000000000000000000e+00
-3.326177399484542968e-02,2.092648222565142782e-02,5.479611332165938986e-01,5.882401498342170187e-01,-6.814918441642769942e-02,-1.823247674193243795e-01,3.241322282372767760e-01,3.150546988831849915e-01,3.316022655498714333e-01,0.000000000000000000e+00,1.000000000000000000e+00
3.678556709336051611e-01,8.768680040507829954e-02,-4.912564435474482405e-01,-3.754517576371345644e-01,-5.432069472010478961e-01,-2.891942673455217272e-01,2.697554901347512871e-02,-1.936883041856892473e-01,-2.403047306673440908e-01,0.000000000000000000e+00,1.000000000000000000e+00
-4.095466968077652870e-01,-3.654912538947377998e-01,2.903400433350027954e-01,3.697361102931150389e-01,-8.083757494387172268e-03,-6.622559229112141566e-01,-1.880209737245370494e-01,-2.471442531592394840e-02,-5.544880969520707414e-02,0.000000000000000000e+00,1.000000000000000000e+00
-5.847369075172211828e-01,-3.312398535081499951e-01,-1.168588516498402091e-01,-1.659902787387255718e-01,-3.597563351140670718e-01,-4.892629024228785095e-01,-2.510412817652165063e-01,-1.659765059498087281e-01,-2.185895939216303818e-01,0.000000000000000000e+00,1.000000000000000000e+00
-8.890667108395422513e-02,-1.605562231659492800e-01,-3.449055296930778614e-01,-2.869611327376000443e-01,-3.441320703161761529e-01,-4.903267799672757499e-01,-4.346086603097298329e-01,-4.049584208721735967e-01,-2.308409489234285461e-01,0.000000000000000000e+00,1.000000000000000000e+00
-3.364485440157865548e-01,-2.312763326572909728e-01,-3.839030206744722395e-01,-3.662899210994195465e-01,-2.218399146171270986e-01,-3.758234026242721071e-01,-3.279715281487055045e-01,-3.498465730830074838e-01,-3.624219556659156738e-01,0.000000000000000000e+00,1.000000000000000000e+00
-2.094299840989116701e-01,-2.112756790691304176e-01,-3.919750011575752757e-01,-4.135539815949412779e-01,1.896518600765939588e-01,-4.577147072852658094e-01,-2.719294283833160741e-01,-3.640895880100473159e-01,-3.672232952234182335e-01,0.000000000000000000e+00,1.000000000000000000e+00
-1.894171600781313081e-01,-2.388849240254883322e-01,-2.869538035226015804e-01,-3.147300044286856502e-01,4.123900299888024201e-01,-5.135762231521738830e-01,-2.351964822390199272e-01,-3.005712964541055743e-01,-3.823233031955751704e-01,0.000000000000000000e+00,1.000000000000000000e+00
-6.108429035124222084e-01,-2.828037498119309046e-01,4.559864469504631979e-01,3.092928564433554683e-01,-6.514390183885974267e-03,-4.362323053854875177e-01,-2.015622584583136589e-01,1.227008157444790630e-02,1.104007019604579531e-01,0.000000000000000000e+00,1.000000000000000000e+00
-5.953674819631538107e-01,-2.830380833671284901e-01,1.994809188812773360e-01,-1.949927460878984331e-01,-1.886520427977989023e-01,-1.822413220642867815e-01,-5.361783542741825892e-01,-3.064376304675325291e-01,-1.934410894351281662e-01,0.000000000000000000e+00,1.000000000000000000e+00
7.060156503380849990e-01,1.940493632043622796e-01,-4.542407189496462383e-01,-3.560155186219017831e-01,1.573832876736620534e-01,1.336238401405758780e-01,-4.434594062386177510e-02,-1.817625108269772249e-01,-2.305993564200304047e-01,0.000000000000000000e+00,1.000000000000000000e+00
-4.572184716206613431e-02,-1.861854132356288993e-01,-3.099754418067515727e-01,-3.803232219409086179e-01,3.537616646158083800e-01,-7.156149591369329599e-01,3.552000437377689224e-02,-1.694048384474801106e-01,-2.351642443636582647e-01,0.000000000000000000e+00,1.000000000000000000e+00
-9.943774179760547435e-03,-8.402405318568731407e-02,4.814887869187525204e-01,1.624578764176181356e-01,-2.703409254499520853e-01,4.436937273008276228e-01,-5.810514806934096166e-01,-2.986493973082822162e-01,-1.945673172833887743e-01,0.000000000000000000e+00,1.000000000000000000e+00
4.354644029459166510e-01,6.234778359254983249e-02,-4.514339916575338396e-01,-3.520661847290939006e-01,-2.636002421621917446e-01,-3.095667189554289211e-01,-3.657280294753838534e-01,-3.291373984277541909e-01,-2.670865040655649447e-01,0.000000000000000000e+00,1.000000000000000000e+00
-2.170594920881816769e-01,-1.864699579014096609e-01,-1.576812040985852981e-01,-2.317670331438073106e-01,-6.173850336431103702e-01,-5.222550127090814787e-01,-1.911195303711238358e-01,-2.787367058489397809e-01,-2.672066761391641010e-01,0.000000000000000000e+00,1.000000000000000000e+00
7.497509900706721409e-01,3.544742798656507210e-01,-7.795651516073483223e-02,1.708941589797103797e-02,-1.292409864900164185e-01,-2.412458516942028175e-01,3.706143449819084279e-01,2.227635171909653489e-01,2.096921566578090479e-01,0.000000000000000000e+00,1.000000000000000000e+00
-1.081755159984376796e-01,-5.628287873887549697e-02,5.659412088020689957e-01,5.058992200365040048e-01,4.084956400093018303e-01,-6.401614841135332135e-02,2.458016644422399144e-01,2.684792285578058713e-01,3.247160499141407142e-01,0.000000000000000000e+00,1.000000000000000000e+00
-3.309879429695221642e-01,-1.502450821094142019e-01,4.066414824860175026e-01,3.454216326237039003e-01,-7.399309101011976031e-01,-1.730797294726982294e-01,-5.841679001148793182e-02,2.209090460537584816e-02,4.295490017250126052e-02,0.000000000000000000e+00,1.000000000000000000e+00
-2.172011934138606826e-01,-1.556394672568788273e-01,-3.807061531943009558e-01,-3.759255290969749641e-01,-5.813105578698095632e-01,-2.642441748117749234e-01,-2.483875875821912049e-01,-3.083497609914794824e-01,-2.789621872646514955e-01,0.000000000000000000e+00,1.000000000000000000e+00
5.778351145692059987e-01,1.883760800638290545e-01,-2.996200322103820812e-01,-2.705512713373934286e-01,5.584342465128865340e-01,-3.085235032581497561e-01,1.050208266457373085e-01,-1.227020137421994117e-01,-1.858229285091221039e-01,0.000000000000000000e+00,1.000000000000000000e+00
-1.848698055444787380e-01,-1.124416477877904774e-01,-4.181220862926325610e-02,-1.068978226066459730e-01,-6.217339995146918818e-01,7.032120707412551353e-01,-2.268659002261174673e-01,-8.461661279273582914e-02,-1.778018946898164351e-02,0.000000000000000000e+00,1.000000000000000000e+00
-7.780587561263652141e-02,-1.201527211309867844e-02,3.386587021784062124e-01,2.690859534537441977e-01,5.220054065764195839e-01,1.796441545577435461e-01,4.472412767993994009e-01,4.247766585425202246e-01,3.485445107463902015e-01,0.000000000000000000e+00,1.000000000000000000e+00
-4.222500911070538043e-01,-2.799503230067684201e-01,-4.084691156171847970e-01,-3.826487628401795127e-01,-4.939448352965028488e-01,5.391645436768319199e-02,2.313911261193383195e-01,-1.791072685943306264e-01,-3.123392895786836210e-01,0.000000000000000000e+00,1.000000000000000000e+00
7.762757858304305536e-01,3.096866383099774467e-01,-3.538727397321239643e-01,-2.701813827527741463e-01,-3.421142342873530889e-02,-1.348228240089252294e-01,-1.010545027934930395e-01,-1.888599402195891841e-01,-1.950345865546502244e-01,0.000000000000000000e+00,1.000000000000000000e+00
-5.943174153514410030e-01,-2.794170738403861098e-01,-2.682413449977817388e-01,-1.459815355515120538e-01,-3.314805004604617911e-01,-3.501491148300898137e-01,-3.683662096373266914e-01,-2.609173908725599400e-01,-1.979737525636516282e-01,0.000000000000000000e+00,1.000000000000000000e+00
-7.581917026001254722e-01,-3.867212204730425262e-01,1.122913032597997879e-01,-8.517223733768473914e-02,2.762733831323916922e-01,-4.075265663223414658e-01,-2.060360603946148617e-02,-9.281715509929623631e-02,-6.545208625262413649e-02,0.000000000000000000e+00,1.000000000000000000e+00
-2.558095728658518198e-01,-2.172073957058366644e-01,-3.996882656044870030e-01,-3.621619569891545432e-01,-2.561284061405293411e-01,-3.890104058939266030e-01,-4.572457113025238939e-01,-3.196719203173038482e-01,-2.612963517904376420e-01,0.000000000000000000e+00,1.000000000000000000e+00
2.911520689250987615e-01,2.610717888830942357e-01,4.373090167553626562e-01,4.588816506370165804e-01,3.135319327657239835e-02,1.902738559374141936e-01,3.542202125992947037e-01,3.654425461050675450e-01,3.860739202323132946e-01,1.000000000000000000e+00,0.000000000000000000e+00
-2.799548592437459682e-01,-1.103229933806899460e-01,2.048304885624132599e-01,2.268291882814399418e-02,5.161235393122018955e-01,7.688070168929910242e-01,7.665905835151365366e-02,4.694741724237434799e-02,3.815313613496586903e-02,0.000000000000000000e+00,1.000000000000000000e+00
2.246134642396845627e-01,-1.225784069671555510e-01,-5.054253613909658327e-01,-4.870561990978037881e-01,1.371497985405503994e-01,2.775348373824589043e-02,-3.348618999624484727e-01,-3.980637736928890336e-01,-3.894575788689282336e-01,1.000000000000000000e+00,0.000000000000000000e+00
-4.312104119996079676e-01,-2.305673455420479689e-01,-4.589967774985508897e-01,-3.276384744585635889e-01,-1.640454806133877785e-01,-2.773976624740335239e-01,-3.991908028379958506e-01,-3.216831470985359043e-01,-2.760027916522511116e-01,0.000000000000000000e+00,1.000000000000000000e+00
4.873799262763837681e-01,1.031671980597882871e-01,3.037978064074581264e-01,4.093889038572625649e-01,-5.209528987741928185e-01,-4.158135384391083988e-01,-8.370689337465316016e-02,8.624087524882945166e-02,1.821751928097750939e-01,0.000000000000000000e+00,1.000000000000000000e+00
-2.028327038223670109e-01,-8.561014028775648654e-02,5.754425607527854231e-02,2.016519793270890940e-02,2.107144258202394704e-01,9.414161352550294293e-01,1.071257226754029485e-01,6.230661735748239949e-02,4.229512421743063244e-02,0.000000000000000000e+00,1.000000000000000000e+00
-2.090680932773149037e-01,-1.112142143715041803e-01,3.923229379577989340e-01,3.096981140638148666e-01,3.986763116961245523e-01,1.824378804378458674e-01,4.549379856347031126e-01,4.153613181112412178e-01,3.498167296025821993e-01,0.000000000000000000e+00,1.000000000000000000e+00
1.522931626099864599e-01,-1.478654768183465182e-02,-2.834788127804541147e-01,-2.241454713155182632e-01,1.835717066498373379e-02,8.944760536948075380e-01,-1.129127087049589528e-01,-1.238304968359327102e-01,-1.322083694069522142e-01,0.000000000000000000e+00,1.000000000000000000e+00
-3.644493919497859835e-01,-2.473258938466714463e-01,-3.788515087078997423e-01,-3.933558837238116945e-01,5.190118905051100545e-02,-2.771837972273840656e-01,-4.046555793845151849e-01,-3.604349305339734078e-01,-3.668312392418172641e-01,0.000000000000000000e+00,1.000000000000000000e+00
1.481235173662310833e-01,-2.911024277371056235e-02,3.723612861836058108e-01,2.983204121029952027e-01,4.724793205864031426e-02,8.268117022378578262e-01,-1.874859151624451159e-01,-3.154606928912274261e-02,1.660359621585808243e-01,0.000000000000000000e+00,1.000000000000000000e+00
1.922777035260948009e-01,2.031740902875412563e-02,-5.170706639091070533e-01,-3.968298197725892429e-01,-5.598812358392579736e-01,-1.937704716569905172e-01,-2.285523245643617252e-01,-2.605954926777774294e-01,-2.581091638863773352e-01,0.000000000000000000e+00,1.000000000000000000e+00
6.945273435757211289e-02,1.235174349167012797e-01,3.080097019352842636e-01,2.282651934070500099e-01,4.872680847281554151e-01,1.485124475945785449e-01,5.780906669474622506e-01,3.884808898243360953e-01,2.972413690904876504e-01,0.000000000000000000e+00,1.000000000000000000e+00
-2.139193783023642936e-01,-1.723984075297238794e-01,-5.023650688925633823e-01,-4.149121081146082690e-01,-3.381929058541303101e-01,-2.918089050927293315e-01,-2.951708973746714482e-01,-3.337885133254946957e-01,-3.192601757468598311e-01,0.000000000000000000e+00,1.000000000000000000e+00
-3.229959157169512429e-01,-2.966469261591976880e-01,1.423346684949236898e-02,-1.367262768251562358e-02,2.648321539432457739e-01,-8.272173829666286116e-01,-1.071495313037694741e-01,1.389358324714513870e-01,1.485794442600922027e-01,0.000000000000000000e+00,1.000000000000000000e+00
-1.011619380907021262e-02,-9.987406296689152474e-02,3.707176496495394047e-01,3.413367211449335192e-01,-7.269131992932292841e-01,-4.077843516384516143e-01,-8.578511137555229482e-02,1.055408108074998436e-01,1.509691239231356619e-01,0.000000000000000000e+00,1.000000000000000000e+00
-4.652825139144510236e-01,-2.558285644969753303e-01,-3.633376665191826449e-01,-3.278339165462849092e-01,-2.317267704319784238e-01,-3.779621833401556330e-01,-3.687767141815908589e-01,-2.837290587793426799e-01,-2.559754660015482464e-01,0.000000000000000000e+00,1.000000000000000000e+00
-6.469119812256952651e-01,-3.134069867921679964e-01,3.099502608005664239e-01,2.220957131710218080e-01,3.593539514035281601e-01,-4.034716422104885902e-01,1.448090079544926412e-01,1.227305171175128301e-01,9.964046428615866424e-02,0.000000000000000000e+00,1.000000000000000000e+00
-1.080613355561984429e-01,-4.708189002942853724e-02,6.583524081053799826e-01,5.621798685860324163e-01,2.502966111026767582e-01,-1.019561876315237953e-01,2.088194917447165899e-01,2.101580476874586600e-01,2.753479664376347613e-01,0.000000000000000000e+00,1.000000000000000000e+00
8.330524761812646561e-03,2.090497894180216171e-03,2.301448867510829388e-01,3.908342275707377134e-02,5.233424807818614077e-01,1.054553878734771077e-01,6.235432072365497680e-01,4.492256190944977634e-01,2.642235231381458438e-01,0.000000000000000000e+00,1.000000000000000000e+00
7.079860460555465612e-03,-6.512899569852653725e-02,-2.103534862862608823e-01,-2.340482110822741657e-01,-1.497647948246653704e-01,8.715308954248045525e-01,-1.771077261778701006e-01,-2.113414184355950631e-01,-1.966036569458030070e-01,0.000000000000000000e+00,1.000000000000000000e+00
